name,entname,price,area,last_time,detail_url,edu,content,welfare
python开发,广西泽霖润桂信息科技有限责任公司,5000,南宁市,2021-11-27,https://www.gxrc.com/jobDetail/862a0aeff1ac46c292dee00d1d5d2fa4,学历大专,"岗位职责：1. 协助设计和开发网络爬虫应用，进行互联网相关信息的抓取和分析2. 协助网页信息抽取技术的研究和开发3. 协助解决爬取过程中的反爬问题岗位要求：1. 熟悉Python语言2. 熟悉Mysql数据库基本操作3. 熟悉网页抓取原理及技术的实现细节 PS：公司在各个区均有分点, 正式员工可与上级沟通择近办公工作时间： 八小时工作制，周末双休，无需加班，可提供住宿；公司福利：- 正式上岗前有5k-8k不等的补贴；- 入职缴纳养老保险金、医疗保险金、大病保险金，失业保险金，生育保险金，工伤保险金；- 为员工提供广阔的职业发展平台与晋升空间，半年一次内部晋升机会；- 带薪休假（年假，婚假，丧假，病假等）- 每月一次员工专属生日趴，水果蛋糕礼物，节日礼物，丰富的业余集体活动（拓展，旅游，聚餐，年会等）- 提供住宿(配备空调,热水器，无线网)",|
Python编程老师,深圳市瑞视云智科技有限公司,8000,西乡塘区,2021-11-26,https://www.gxrc.com/jobDetail/ad3ed401c01843469625489e6cafec26,学历本科,岗位职责：1、负责大数据、人工智能教育方向的教学研发工作，包括教学体系开发、课程内容设计等；2、负责教学方案设计和教学资料的制作，包括课程大纲、教学课件等；3、负责远程教学的过程性设计和在线教学内容研发；4、将产业经验转化为教学资源，设计实验室方案或实训类项目的教学内容。任职资格：1、本科及以上学历，计算机或应用数学、统计学相关专业；有1年以上 大数据/AI 技术行业教育培训授课经验或课程研发经验；2、熟练使用Java、Python、Scala至少一门语言，熟悉Redis和MySQL，熟悉Linux平台；3、熟悉分布式、高性能计算，从事过Hadoop、Spark、MPI相关的开发工作者优先；4、至少参与过一个中大型实际项目开发者；5、 表达能力强，声音清晰自然，个性开朗，乐于与人交流；（注：本职位对这条很重视）；6、热爱IT技术职业教育工作，有前瞻性和市场洞察能力，敢于拼搏，有创业精神；,
Python开发工程师,南宁进驰科技有限责任公司,10000,南宁市,2021-11-19,https://www.gxrc.com/jobDetail/12a861ac559745eca8e35b82a4bcd49d,学历本科,职位描述:1、熟悉Python开发。2、了解rpa优先。3、有程序逻辑基础。4、有清晰的语音及文字沟通能力。5、工作认真负责，做事耐心。有工程经验者优先考虑。6、愿意同时学习并应用其它开发语言。,|
python程序员,永旭工艺（深圳）有限公司,5000,青秀区,2021-11-19,https://www.gxrc.com/jobDetail/b96b44abf07c4065b5f8aa073faffe94,学历大专,1、精通Python，熟练使用面向对象编程；  2、熟悉数据库，包括但不仅限于熟练使用、数据库调优等；3、2年以上工作经验4、有项目管理经验或团队管理经验重点优先考虑5、工作认真负责。,|
Python高级工程师,南宁市乐锐网络科技有限公司,8000,南宁市,2021-11-26,https://www.gxrc.com/jobDetail/aac3654c1149499b950a1d70fb13e285,学历不限,"岗位职责：1、参与爬虫项目的架构设计、研发、编程工作，改进和提升爬虫效率；2、设计爬虫策略和防屏蔽规则，提升网页抓取的效率和质量；3、负责后台爬虫数据的分布式存储设计以及代码实现；4、负责网页采集任务的分析及采集方案设计；5、负责分布式爬虫策略持续优化任职要求：1、2年以上开发工作经验，Python基础扎实；2、熟悉多线程、多进程、协程开发、网络编程，精通网页抓取原理及技术的实现细节；3、了解分布式计算和储存技术以及相关原理；4、具备Python运维平台开发经验，熟悉 Django/Django rest/Tornado/Flask/Sqlalchemy 等其中一种或几种开发框架；5、掌握HTML、CSS、JQuery、RESTful 相关技术；6、具有良好的站点分析经验，能独立处理基于(seeion, cookie)、(AccessToken, Token)、(selenium, splash)、(访问量, 访问频率)的反爬。自主设计爬取流程；7、熟悉基于规则的网页信息定位，精通正则表达式，xpath语法；8、精通原生Python urllib爬取方式、精通原生Python requests爬取方式、精通框架Python scrapy的爬取方式、熟悉Python aiohttp 异步请求框架的爬取方式；9、熟悉掌握一种或多种热门关系型数据库和非关系型数据库、熟练使用Git；10、热爱互联网，对搜索技术和探索未知领域有浓厚兴趣；11、能够高效地沟通,并与团队或跨团队同事有效地协作办公。加分项：1、能够自动化处理滑动验证码、静态验证码、动态验证码；2、熟悉Python爬虫服务器部署;",|
python开发工程师,广西森格自动化科技股份有限公司,8000,南宁市,2021-11-15,https://www.gxrc.com/jobDetail/7483db36a0d5452c8c4b9fc8e7604789,学历大专,工作职责：       1、负责工业互联网平台的通讯服务程序开发(通过运行在网关模块中的python程序，采集数据上传至云服务器)； 2、解决项目前端开发中的技术难题；3、配合具体项目实施，实现工业数据采集至云服务器；4、持续优化前端代码。 岗位要求：1、2年及以上软件开发（或通讯功能开发）经验。2、有良好的编程基础，熟悉linux操作系统，熟悉面向对象编程（如python、C#）；3、有良好的技术钻研及攻关能力。,
Python程序员,广西数锋信息科技有限公司,6000,南宁市,2021-11-25,https://www.gxrc.com/jobDetail/5405b5b0920647c6bc40f77f40eca2ee,学历大专,1、熟悉Python编程、设计模式和组件技术2、3年以上Python编程经验，有Python架构系统经验者优先3、熟悉Python多进程协程开发，熟悉WEB开发框架Flask。4、有数据挖掘经验。5、熟悉Redis、MongoDB等，具备数据库应用、设计能力6、熟悉Linux操作系统及shell编程7、对分布式及高性能Web有一定认识，对可靠性设计有较好的经验8、拥有良好的代码习惯，具备良好的人际沟通能力9、对新技术有强烈的探索欲望，能够承受工作压力，有强烈的责任心10、对以下关键词大部分都有所了解的优先：Django / Flask / coroutine / celery/ sklearn / TensorFlow / Redis /selenium/SEO优化,|
python工程师,广西广证房地产土地资产评估有限公司,8000,青秀区,2021-11-04,https://www.gxrc.com/jobDetail/14a822ff91e24b7e8f9c384fc75a68eb,学历大专,一、岗位职责：1、为系统和项目提供 API 支持；2、参与设计并维护系统架构，保证线上服务稳定可用；3、对批量数据进行采集、清晰与分析；二、岗位要求1、拥有3年以上 Python 实际开发经验；2、扎实的Python开发基础，熟悉相关规范和类库，精通django，flask 或其它 Python web 框架等相关技术；3、有 Python Flask 开发 Web API 的经验；3、熟悉Linux操作系统，有Java/Shell一种或多种脚本语言编程能力。三、优先条件：1、对大量动态数据有建模分析的经验；2、有分布式系统、大数据开发经验；3、有基本的前端开发经验；4、良好的沟通、协调能力，有团队管理经验者优先。,|
运营督查员,南宁星链文化传媒有限公司,5000,青秀区,2021-11-28,https://www.gxrc.com/jobDetail/a30a915d952e44a9b6eb965e37d28f5d,学历大专,岗位职责：1、统计学相关专业优先2、能熟练应用Excel、PPT、Python、SQL等工具3、能够多维度对数据进行整理、分析，构建分析模型、给出分析意见等4、承担数据支持工作，满足业务团队的核心业务数据分析需求，同时抽象出更高层次的数据逻辑、反向指导业务方向岗位要求：1、擅长沟通、积极进取，有良好的协同工作能力；2、严谨的逻辑思维能力、优秀的学习能力、言语表达能力、管理能力；3、至少有1年（含）以上数据挖掘与分析工作经验；【福利待遇】1、薪资3500－4500，试用期1个月2、周末双休+五险+节日福利+带薪年假,|
数据分析员,南宁星链文化传媒有限公司,5000,青秀区,2021-11-28,https://www.gxrc.com/jobDetail/8a60f97c0c884351b7d2bfca557fa73e,学历大专,岗位职责：1、统计学相关专业优先2、能熟练应用Excel、PPT、Python、SQL等工具3、能够多维度对数据进行整理、分析，构建分析模型、给出分析意见等4、承担数据支持工作，满足业务团队的核心业务数据分析需求，同时抽象出更高层次的数据逻辑、反向指导业务方向岗位要求：1、擅长沟通、积极进取，有良好的协同工作能力；2、严谨的逻辑思维能力、优秀的学习能力、言语表达能力、管理能力；3、至少有1年（含）以上数据挖掘与分析工作经验；【福利待遇】1、薪资3500－4500，试用期1个月2、周末双休+五险+节日福利+带薪年假,|
少儿编程机器人老师,广西巧课易教育咨询有限公司,4000,兴宁区,2021-11-28,https://www.gxrc.com/jobDetail/8e188670f6ff42c1bc04e1f3b167c432,学历不限,"岗位职责：1) 按照童程教研课程内容，负责讲授课程；2) 负把控班级学员学习情况，及时与学员进行沟通交流；3) 负责整理学员学习报告，定期做家长回访，及时发现问题，解决问题；4) 负责及时批改学员作业，并解答学生问题，进行有效的辅导；5) 负责组织学生测评，并评定成绩，做好成绩分析工作；6) 负责配合班主任和其它人员的相关工作。任职资格：1、本科以上学历，计算机、理工科、师范类相关专业。2、普通话标准，具备良好的口头及书面表达能力、逻辑思维能力和动手能力。3、以下情况优先考虑：a.有计算机编程基础。b.熟悉JAVA C语言 Python其中一门语言。c.参加过机器人相关比赛。d.有学生会、社团等组织经历。E.热爱教育事业，有责任心，有爱心，有亲和力。2、熟悉计算机编程语言,scratch\Python\C  。3、具有较强的沟通能力、语言表达能力、动手能力。4、有教师资格证或理工科毕业优先录取。",
技术总监,广西科桂兴信息技术有限责任公司,20000,青秀区,2021-11-28,https://www.gxrc.com/jobDetail/fb449219560e47249190a50f8b09727f,学历本科,"岗位职责：1、私有云系统软件研发，负责系统架构设计工作，包括系统的总体规划、架构设计、系统分析、软件实现、性能优化；2、配合项目经理进行新功能研发，根据需求文档及原型，进行概要设计和详细设计，并完成核心代码编写；3、负责产品的技术选型，设计产品技术架构、接口规范，为开发人员提供更加快速有效的开发框架、服务、公用组件；4、解决项目中的关键架构问题和技术难题，负责项目中关键技术难点的攻关和预研，对开发团队进行技术指导和培训。 任职要求：1、 本科以上学历，计算机相关专业毕业，至少6年以上Java/J2EE开发经验，熟悉web开发，有系统架构能力，熟悉python语言；2、JAVA基础扎实，熟悉IO、多线程、集合等基础框架，熟悉面向对象软件结构知识，了解设计模式，熟悉分布式系统的设计和应用；3、熟悉主流开源框架，SpringCloud、SpringBoot、Spring、SpringMVC、MyBatis等开源框架；4、熟悉MySQL/oracle/sqserver，并有一定的优化经验，熟悉redis等NOSQL数据库并有缓存使用经验；5、熟悉MQ原理和使用（RabbitMQ、ActiveMQ、Kafka）；6、逻辑思维能力强，善于与人沟通，具备一定的协调能力以及较强的敬业精神，热爱技术；7、具有规范的编程习惯与文档编写能力，积极配合公司各项规范化建设工作。8、具有大型系统设计经验者优先,尤其是有大数据技术栈的搭建和使用经验者优先；9、有python ai经验优先。",|
Python工程师,广西知感科技有限公司,8000,南宁市,2021-11-28,https://www.gxrc.com/jobDetail/c58710c307b544f2aeca556ece9e4ddd,学历本科,公共要求 - 诚实、正直、踏实 - 热爱互联网行业，您需要的不仅是一个“工作”，更是“职业”或更多 - 充满钻研热情，不满足于“知其然”，更热衷于“知其所以然” - 基础扎实、热爱学习、乐于拥抱变化 - 能胜任远程工作者 - 熟悉linux系统 优先考虑 - 英语能力较好先考虑 - 有产品意识优先 对于Python开发工程师的要求 - 熟练使用Python / Django / FastAPI 进行开发 - 了解前端开发优先考虑 [职责] - 熟练掌握各项团队协作相关工具 - 运用WEB相关技能、框架进行WEB系统开发、调试 - 与伙伴一起与客户沟通，掌握需求、设计系统,|
运维开发工程师 -python,中国—东盟信息港股份有限公司,15000,良庆区,2020-04-14,https://www.gxrc.com/jobDetail/33ba04a2455e4ef59935e6cf6b5c10c3,学历本科,"核心职责：负责自动化运维平台设计及开发，实现自动化部署、监控、自动化配置等，提高运维效率；负责运维新技术、新平台的研究和实践；与运维团队合作，收集与理解需求，提供解决方案，改善运维流程；任职要求：1，能熟练使用Python/GO 编程语言。2，热爱开源技术，熟悉一种或多种开源软件（Ansible、Django、Celery,ETCD等）3，熟悉linux，Docker、VM等系统4，具有互联网运维平台开发或系统运维经验5，熟悉网络知识，了解DNS/HTTP/Proxy/Load balancing方案和原理6，有较强的沟通能力、推动能力和较好的服务意识，有创业激情，喜欢赢，喜欢挑战，有公司主人翁精神。7，熟悉以下内容者优先考虑：Python，Shell，Perl等脚本语言、Selenium测试框架、持续集成流程及框架(jenkins等)使用，熟悉常用中间件（redis，mysql，zk等）使用及部署",|
python工程师,柳州智视科技有限公司,6000,柳州市,2021-01-15,https://www.gxrc.com/jobDetail/373b3cfe9ed842ffb48f2b5fe84e4259,学历不限,"岗位职责：1、负责爬虫策略和防屏蔽规则设计，后台爬虫数据存储设计以及代码实现；2、负责网页采集任务的分析及采集方案设计及实现；任职要求：1、2年以上开发工作经验，Python基础扎实；2、熟悉多线程、多进程、协程开发、网络编程，精通网页抓取原理及技术的实现细节；3、掌握HTML、CSS、JQuery、RESTful 相关技术；4、具有良好的站点分析经验，能独立处理基于(seeion, cookie)、(AccessToken, Token)、(selenium, splash)、( 访问量, 访问频率)的反爬。自主设计爬取流程；5、熟悉基于规则的网页信息定位，精通正则表达式，xpath语法；6、精通原生Python urllib爬取方式、精通原生Python requests爬取方式、精通框架Python scrapy的爬取方式、熟 悉Python aiohttp 异步请求框架的爬取方式；7、熟悉掌握一种或多种热门关系型数据库和非关系型数据库、熟练使用版本管理工具；8、热爱互联网，对搜索技术和探索未知领域有浓厚兴趣；9、能够高效地沟通,并与团队或跨团队同事有效地协作办公。",|
Python Web开发工程师,柳州中动智轮科技有限公司,8000,柳州新区,2021-11-25,https://www.gxrc.com/jobDetail/3823c3f002904ad8abceb821490b4986,学历不限,"职位描述1、负责用Python语言实现产品的后端研发；2、负责高质量的设计和编码；3、承担重难点技术攻坚任务；4、参与产品的讨论和开发实现；岗位要求1、2年及以上编码经验；2、熟悉Python后台开发, 有完整的项目开发经验，熟练使用Django或Flask框架；3、熟悉前端Html,Css,Js,Jquery使用,以及前端主流框架之一即可(Vue,React,Angular等)；4、熟悉Linux平台，能够独立完成Python项目部署、调优、运维；5、熟悉Mysql/Mongo数据库和Redis数据库的使用；加分项(非必须):1.能独立承担整个项目的设计,编码,有全栈开发经验的优先考虑；2.熟悉RESTful API开发风格, 注重代码的质量,可维护性,健壮性优先；3.有PHP Web开发经验优先；4.对汽车领域, 如汽车动力学, 轮胎动力学领域感兴趣的优先；5.对GUI编程有所了解优先 (如: Matlab GUI编程, Python的PyQT, Tk等)",|
python编程老师,广西聪锐教育科技有限公司,8000,南宁市,2021-09-07,https://www.gxrc.com/jobDetail/b8a651eeb17a4dcda969583d62075040,学历大专,1.提供入职培训，培训期间提供基本工资。2.岗位:教授青少年python课程，备课，课后总结，填写孩子上课内容，定期与家长沟通。认真完成上级布置任务。3.任职要求:喜爱孩子，热爱早教或少儿教育，性感开朗，具有较强亲和力。具有较强动手能力，学习能力，沟通能力。工作认真负责。4.思维灵活，谈吐大方，善于沟通。。5.只要你认真努力，这将是你一个很好的舞台，希望你和公司共同成长，公司也将提供您一个你长期发展的平台。6.薪资=基本工资+补助+提成+课时+奖金,|
python研发工程师,南宁国电电力科技有限责任公司,8000,南宁市,2021-10-21,https://www.gxrc.com/jobDetail/6631632bbafe4e4bae29b446c9b8a52d,学历本科,岗位要求：1、熟悉python及常用的数据分析工具，熟悉pandas，numpy，matplotlib及jupyter notebook等模块使用。2、熟悉Mysql/PostgreSQL等常用数据库或数据服务工具。3、同时熟悉web后端开发，flask框架等优先。其他要求：1、良好的沟通能力，思路清晰，善于思考，能独立分析和解决问题；2、强烈的责任心和团队合作精神，心态积极，能主动融入团队。岗位职责：1、参与数据分析平台开发。2、负责协助和完成相关其他工作等。,|
全栈工程师,广西邕之泰实业有限公司,15000,青秀区,2021-11-28,https://www.gxrc.com/jobDetail/6956fa44925b425dbcbe6b63d6df3092,学历不限,工作职责：1. 扮演关键性角色，负责公司重大项目的开发监督和管理工作，包括但不限于公司供应链金融平台系统、ERP系统、销售系统的前端与后端搭建2. 与产品经理、其他开发团队或供应商、客户进行有效沟通与协作，理解客户需求，了解各类问题3. 提供重大项目的系统架构技术解决方案，为实现相应功能提供高质量、清晰的代码思路，领导完成方案的成功交付4. 在全栈技术方向评估技术的可行性，进行重难问题的攻坚，探索高效开发模式以满足业务的需求5. 收集系统在搭建至使用过程中出现的问题，提出改进建议，以促进持续改进交付    岗位要求：1. 28-35周岁，本科及以上学历，计算机、信息技术、软件工程等相关专业2. 3年及以上全栈开发工作经验，理解前后端全链路流程，在计算机领域具有较完整的知识体系；领导或主要负责大型项目的全栈开发经验者优先3. 熟练掌握前端技术，包括HTML/CSS/JavaScript等，熟练掌握React/Vue等主流前端开发框架4. 熟练掌握至少一种后端开发语言，包括NodeJS/Python/Java/PHP/Golang等5. 熟悉web开发技术、框架和基本原理，了解浏览器基本原理6. 熟悉Mysql、Oracle 、PostgreSQL至少一种数据库；熟悉 Redis、消息队列等基本组件7. 具有成熟的人际交往能力，具有团队合作精神；8. 抗压能力强，适应快节奏工作环境,
Python软件开发岗,中国太平洋财产保险股份有限公司广西分公司,8000,青秀区,2021-11-04,https://www.gxrc.com/jobDetail/13874bfd96e849fc8fb336749ee7dc38,学历本科,一、工作地点：广西南宁二、应聘要求：1、全日制本科及以上学历，信息技术、计算机专业；2、年龄在30周岁以下，条件特别优秀者可适当放宽;3、熟悉Python，熟悉selenium等RPA流程自动化技术；4、熟悉Flask 或Django框架；5、熟悉常用关系型数据库，熟悉sql语句；6、有较强的业务知识学习能力，较强的沟通、理解和表达能力；7、工作积极主动，责任心强，具备良好的团队协作精神。三、福利待遇：1、工资：基本工资+月绩效奖金+年终奖，提供有市场竞争力的薪资体系；2、社保：统一购买五险一金；3、福利：各种节假日福利；组织免费体检；购买人身意外伤害保险、意外医疗保险；4、休假：员工工作满一年享受带薪年休假，享受国家法定节假日；5、培训：有健全的培训机制，让员工更快融入公司，适应岗位工作；5、发展：具有公平畅通的晋升机制，为员工成长提供良好的职业发展平台。四、实习：可为在校生提供实习机会，并提供一定的实习补贴。五、地址及联系人：分公司地址：南宁市金洲路25号太平洋世纪广场；,|
编程老师,南宁市青秀区学大教育培训学校,6001-8000,南宁市,2021-12-02,https://www.gxrc.com/jobDetail/8c746ea72d7748838add5685fa7d2549,学历本科,【岗位职责】1. 按照教学大纲、教学进度，进行备课，高质量地完成课程的授课任务；2. 完成课程辅导工作，解答学员课程疑问，保证学员的学习质量；3. 对于学员的学习情况定期和家长保持积极沟通，完成续班转介绍任务；4. 参与校区教学活动；5. 负责教学设备的日常管理与维护；6. 领导安排的其他相关工作【任职要求】1. Kitten(7~11 岁）课程教师：愿意学习并从事少儿编程教育工作；计算机及相关专业毕业优先， 及师范类应届毕业生优先；2. Python（11 岁+）课程教师：计算机相关专业或有编程语言（python / c++ / C / Java / PHP / C#）基础3. 逻辑思路清晰，普通话标准；4. 具备优秀的学习能力、创新能力，能够快速掌握新知识；5. 愿意去了解并熟悉少儿心理，善于调动学生学习积极性，有强烈的耐心、责任心；,|
Python工程师,广西知感科技有限公司,6001-8000,南宁市,2021-12-01,https://www.gxrc.com/jobDetail/c58710c307b544f2aeca556ece9e4ddd,学历本科,公共要求 - 诚实、正直、踏实 - 热爱互联网行业，您需要的不仅是一个“工作”，更是“职业”或更多 - 充满钻研热情，不满足于“知其然”，更热衷于“知其所以然” - 基础扎实、热爱学习、乐于拥抱变化 - 能胜任远程工作者 - 熟悉linux系统 优先考虑 - 英语能力较好先考虑 - 有产品意识优先 对于Python开发工程师的要求 - 熟练使用Python / Django / FastAPI 进行开发 - 了解前端开发优先考虑 [职责] - 熟练掌握各项团队协作相关工具 - 运用WEB相关技能、框架进行WEB系统开发、调试 - 与伙伴一起与客户沟通，掌握需求、设计系统,|
python程序员,永旭工艺（深圳）有限公司,4001-5000,青秀区,2021-12-02,https://www.gxrc.com/jobDetail/b96b44abf07c4065b5f8aa073faffe94,学历大专,1、精通Python，熟练使用面向对象编程；  2、熟悉数据库，包括但不仅限于熟练使用、数据库调优等；3、2年以上工作经验4、有项目管理经验或团队管理经验重点优先考虑5、工作认真负责。,|
Python高级工程师,南宁市乐锐网络科技有限公司,6001-8000,南宁市,2021-12-02,https://www.gxrc.com/jobDetail/aac3654c1149499b950a1d70fb13e285,学历不限,"岗位职责：1、参与爬虫项目的架构设计、研发、编程工作，改进和提升爬虫效率；2、设计爬虫策略和防屏蔽规则，提升网页抓取的效率和质量；3、负责后台爬虫数据的分布式存储设计以及代码实现；4、负责网页采集任务的分析及采集方案设计；5、负责分布式爬虫策略持续优化任职要求：1、2年以上开发工作经验，Python基础扎实；2、熟悉多线程、多进程、协程开发、网络编程，精通网页抓取原理及技术的实现细节；3、了解分布式计算和储存技术以及相关原理；4、具备Python运维平台开发经验，熟悉 Django/Django rest/Tornado/Flask/Sqlalchemy 等其中一种或几种开发框架；5、掌握HTML、CSS、JQuery、RESTful 相关技术；6、具有良好的站点分析经验，能独立处理基于(seeion, cookie)、(AccessToken, Token)、(selenium, splash)、(访问量, 访问频率)的反爬。自主设计爬取流程；7、熟悉基于规则的网页信息定位，精通正则表达式，xpath语法；8、精通原生Python urllib爬取方式、精通原生Python requests爬取方式、精通框架Python scrapy的爬取方式、熟悉Python aiohttp 异步请求框架的爬取方式；9、熟悉掌握一种或多种热门关系型数据库和非关系型数据库、熟练使用Git；10、热爱互联网，对搜索技术和探索未知领域有浓厚兴趣；11、能够高效地沟通,并与团队或跨团队同事有效地协作办公。加分项：1、能够自动化处理滑动验证码、静态验证码、动态验证码；2、熟悉Python爬虫服务器部署;",|
Python程序员,广西数锋信息科技有限公司,5001-6000,南宁市,2021-12-01,https://www.gxrc.com/jobDetail/5405b5b0920647c6bc40f77f40eca2ee,学历大专,1、熟悉Python编程、设计模式和组件技术2、3年以上Python编程经验，有Python架构系统经验者优先3、熟悉Python多进程协程开发，熟悉WEB开发框架Flask。4、有数据挖掘经验。5、熟悉Redis、MongoDB等，具备数据库应用、设计能力6、熟悉Linux操作系统及shell编程7、对分布式及高性能Web有一定认识，对可靠性设计有较好的经验8、拥有良好的代码习惯，具备良好的人际沟通能力9、对新技术有强烈的探索欲望，能够承受工作压力，有强烈的责任心10、对以下关键词大部分都有所了解的优先：Django / Flask / coroutine / celery/ sklearn / TensorFlow / Redis /selenium/SEO优化,|
数据分析员,南宁星链文化传媒有限公司,4001-5000,青秀区,2021-12-02,https://www.gxrc.com/jobDetail/8a60f97c0c884351b7d2bfca557fa73e,学历大专,岗位职责：1、统计学相关专业优先2、能熟练应用Excel、PPT、Python、SQL等工具3、能够多维度对数据进行整理、分析，构建分析模型、给出分析意见等4、承担数据支持工作，满足业务团队的核心业务数据分析需求，同时抽象出更高层次的数据逻辑、反向指导业务方向岗位要求：1、擅长沟通、积极进取，有良好的协同工作能力；2、严谨的逻辑思维能力、优秀的学习能力、言语表达能力、管理能力；3、至少有1年（含）以上数据挖掘与分析工作经验；【福利待遇】1、薪资3500－4500，试用期1个月2、周末双休+五险+节日福利+带薪年假,|
Python编程老师,深圳市瑞视云智科技有限公司,6001-8000,西乡塘区,2021-12-01,https://www.gxrc.com/jobDetail/ad3ed401c01843469625489e6cafec26,学历本科,岗位职责：1、负责大数据、人工智能教育方向的教学研发工作，包括教学体系开发、课程内容设计等；2、负责教学方案设计和教学资料的制作，包括课程大纲、教学课件等；3、负责远程教学的过程性设计和在线教学内容研发；4、将产业经验转化为教学资源，设计实验室方案或实训类项目的教学内容。任职资格：1、本科及以上学历，计算机或应用数学、统计学相关专业；有1年以上 大数据/AI 技术行业教育培训授课经验或课程研发经验；2、熟练使用Java、Python、Scala至少一门语言，熟悉Redis和MySQL，熟悉Linux平台；3、熟悉分布式、高性能计算，从事过Hadoop、Spark、MPI相关的开发工作者优先；4、至少参与过一个中大型实际项目开发者；5、 表达能力强，声音清晰自然，个性开朗，乐于与人交流；（注：本职位对这条很重视）；6、热爱IT技术职业教育工作，有前瞻性和市场洞察能力，敢于拼搏，有创业精神；,
运营督查员,南宁星链文化传媒有限公司,4001-5000,青秀区,2021-12-02,https://www.gxrc.com/jobDetail/a30a915d952e44a9b6eb965e37d28f5d,学历大专,岗位职责：1、统计学相关专业优先2、能熟练应用Excel、PPT、Python、SQL等工具3、能够多维度对数据进行整理、分析，构建分析模型、给出分析意见等4、承担数据支持工作，满足业务团队的核心业务数据分析需求，同时抽象出更高层次的数据逻辑、反向指导业务方向岗位要求：1、擅长沟通、积极进取，有良好的协同工作能力；2、严谨的逻辑思维能力、优秀的学习能力、言语表达能力、管理能力；3、至少有1年（含）以上数据挖掘与分析工作经验；【福利待遇】1、薪资3500－4500，试用期1个月2、周末双休+五险+节日福利+带薪年假,|
会计（高级）,贵港龙派纸塑制品有限公司,5001-6000,贵港市,2021-12-02,https://www.gxrc.com/jobDetail/685060c1ee96445c9c03e7b2aaff9e87,学历大专,岗位薪酬：5000--6500（不含年度企业利润分配）。岗位职责：1. 数据工作：车间、仓库、PMC等各项数据收集，简单数据分析，与统计员，做好协调数据工作；2. 税务工作：开具发票，简单税账报表，税账分析；3. 成本工作：材料、人工归集，协助成本管理人员汇整资料；4. 费用工作：根据公司费用正常，审核费用报销，凭证录入。6. 上级领导交办的事务。任职要求：1. 财务相关专业统招大专及以上学历，初级会计师或以上；2. 一年以上财务工作经验， 优秀应届生亦可。3. 沟通协调能力良好，逻辑思维敏捷、思路清晰，主动性强；4. 操作Office能力，如：数据透视表、分类汇总等，能用Python、SQL数据等办公软件优先。发展方向：会计→主管福利：1. 购买五险；2. 包吃住；2.1 正餐三菜一汤；2.2 提供宵夜；2.3 冷暖空调宿舍。3. 每年进行一次健康体检。4. 公司聘请专业导师为员工提供职业规划发展指导。5. 住市区会有通勤车接送上下班（固定站点：观天下、万达广场）。6. 每周休息1.5天。7. 可享受企业利润分配（相当于月收入的0--5倍，根据部门工作业绩、岗位工作业绩、团队合作、个人贡献力、个人潜能等综合评估后确定倍数）。上班时间：8:30-12:00  14:00-17:30周六下午下班时间为15:30,|
软件测试工程师,广西数字国信安全技术服务有限公司,4001-5000,兴宁区,2021-12-02,https://www.gxrc.com/jobDetail/324a394c8af647b6b834fee20591e2e9,学历本科,一、职位描述：1、根据软件评测流程和测试方法，独立开展第三方独立测评，指导、带领团队完成较复杂项目。2、根据功能性测试、性能效率测试、易用性等测试方法和常见工具，编写测试需求文档、测试用例、测试报告等。3、独立开展招投标技术支持工作，开展项目售前工作。4、主导编写软件测评相关项目文件。5、通过自身的沟通，建立与客户、其他承建方沟通通道，推进项目开展。二、任职要求：1、本科以上学历，计算机软件及相关专业。具有软件评测师、风险评估、安全测试等相关从业资格证书者优先；2、具有软件测试机构任职经验，从事过大型信息化测评类项目的优先；3、熟练掌握的软件测试理论，熟悉软件测试的方法、流程和规范，根据项目需求，编写测试方案、测试计划、测试用例，执行测试并跟踪测试结果。4、掌握常用测试技术知识，包括自动化测试、白盒、黑盒、回归测试等；掌握测试用例设计方法，如场景法、边界值分析法、划分等价类等5、了解压力测试工具，掌握常用软件测试工具（例：Jmeter、LoadRunner等），具备独立搭建测试环境的能力；6、具备较强的文书编写能力，完成测试报告等相关文档的编写工作；7、具有较强的领导能力、沟通协调能力、应变能力、较好的主动性及抗压性；8、具有渗透测试经验，一定的软件编程、逆向分析能力，熟练应用一门或几门脚本语言Perl/Python等优先；9、不低于2年的软件测试经验。三、预计年收入：8-15万元。四、晋升路线：主管-经理-总监。五、上班地点与时间：1、上班时间：周一至周五，8:30-12:00，14:30-18:00；2、上班地点：长堽路157号颖都大酒店2楼。,|
python工程师,柳州智视科技有限公司,5001-6000,柳州市,2021-01-15,https://www.gxrc.com/jobDetail/373b3cfe9ed842ffb48f2b5fe84e4259,学历不限,"岗位职责：1、负责爬虫策略和防屏蔽规则设计，后台爬虫数据存储设计以及代码实现；2、负责网页采集任务的分析及采集方案设计及实现；任职要求：1、2年以上开发工作经验，Python基础扎实；2、熟悉多线程、多进程、协程开发、网络编程，精通网页抓取原理及技术的实现细节；3、掌握HTML、CSS、JQuery、RESTful 相关技术；4、具有良好的站点分析经验，能独立处理基于(seeion, cookie)、(AccessToken, Token)、(selenium, splash)、( 访问量, 访问频率)的反爬。自主设计爬取流程；5、熟悉基于规则的网页信息定位，精通正则表达式，xpath语法；6、精通原生Python urllib爬取方式、精通原生Python requests爬取方式、精通框架Python scrapy的爬取方式、熟 悉Python aiohttp 异步请求框架的爬取方式；7、熟悉掌握一种或多种热门关系型数据库和非关系型数据库、熟练使用版本管理工具；8、热爱互联网，对搜索技术和探索未知领域有浓厚兴趣；9、能够高效地沟通,并与团队或跨团队同事有效地协作办公。",|
Python Web开发工程师,柳州中动智轮科技有限公司,6001-8000,柳州新区,2021-11-25,https://www.gxrc.com/jobDetail/3823c3f002904ad8abceb821490b4986,学历不限,"职位描述1、负责用Python语言实现产品的后端研发；2、负责高质量的设计和编码；3、承担重难点技术攻坚任务；4、参与产品的讨论和开发实现；岗位要求1、2年及以上编码经验；2、熟悉Python后台开发, 有完整的项目开发经验，熟练使用Django或Flask框架；3、熟悉前端Html,Css,Js,Jquery使用,以及前端主流框架之一即可(Vue,React,Angular等)；4、熟悉Linux平台，能够独立完成Python项目部署、调优、运维；5、熟悉Mysql/Mongo数据库和Redis数据库的使用；加分项(非必须):1.能独立承担整个项目的设计,编码,有全栈开发经验的优先考虑；2.熟悉RESTful API开发风格, 注重代码的质量,可维护性,健壮性优先；3.有PHP Web开发经验优先；4.对汽车领域, 如汽车动力学, 轮胎动力学领域感兴趣的优先；5.对GUI编程有所了解优先 (如: Matlab GUI编程, Python的PyQT, Tk等)",|
python开发,广西泽霖润桂信息科技有限责任公司,4001-5000,南宁市,2021-12-01,https://www.gxrc.com/jobDetail/862a0aeff1ac46c292dee00d1d5d2fa4,学历大专,"岗位职责：1. 协助设计和开发网络爬虫应用，进行互联网相关信息的抓取和分析2. 协助网页信息抽取技术的研究和开发3. 协助解决爬取过程中的反爬问题岗位要求：1. 熟悉Python语言2. 熟悉Mysql数据库基本操作3. 熟悉网页抓取原理及技术的实现细节 PS：公司在各个区均有分点, 正式员工可与上级沟通择近办公工作时间： 八小时工作制，周末双休，无需加班，可提供住宿；公司福利：- 正式上岗前有5k-8k不等的补贴；- 入职缴纳养老保险金、医疗保险金、大病保险金，失业保险金，生育保险金，工伤保险金；- 为员工提供广阔的职业发展平台与晋升空间，半年一次内部晋升机会；- 带薪休假（年假，婚假，丧假，病假等）- 每月一次员工专属生日趴，水果蛋糕礼物，节日礼物，丰富的业余集体活动（拓展，旅游，聚餐，年会等）- 提供住宿(配备空调,热水器，无线网)",|
运维开发工程师 -python,中国—东盟信息港股份有限公司,10001-15000,良庆区,2020-04-14,https://www.gxrc.com/jobDetail/33ba04a2455e4ef59935e6cf6b5c10c3,学历本科,"核心职责：负责自动化运维平台设计及开发，实现自动化部署、监控、自动化配置等，提高运维效率；负责运维新技术、新平台的研究和实践；与运维团队合作，收集与理解需求，提供解决方案，改善运维流程；任职要求：1，能熟练使用Python/GO 编程语言。2，热爱开源技术，熟悉一种或多种开源软件（Ansible、Django、Celery,ETCD等）3，熟悉linux，Docker、VM等系统4，具有互联网运维平台开发或系统运维经验5，熟悉网络知识，了解DNS/HTTP/Proxy/Load balancing方案和原理6，有较强的沟通能力、推动能力和较好的服务意识，有创业激情，喜欢赢，喜欢挑战，有公司主人翁精神。7，熟悉以下内容者优先考虑：Python，Shell，Perl等脚本语言、Selenium测试框架、持续集成流程及框架(jenkins等)使用，熟悉常用中间件（redis，mysql，zk等）使用及部署",|
Python软件开发岗,中国太平洋财产保险股份有限公司广西分公司,6001-8000,青秀区,2021-11-04,https://www.gxrc.com/jobDetail/13874bfd96e849fc8fb336749ee7dc38,学历本科,一、工作地点：广西南宁二、应聘要求：1、全日制本科及以上学历，信息技术、计算机专业；2、年龄在30周岁以下，条件特别优秀者可适当放宽;3、熟悉Python，熟悉selenium等RPA流程自动化技术；4、熟悉Flask 或Django框架；5、熟悉常用关系型数据库，熟悉sql语句；6、有较强的业务知识学习能力，较强的沟通、理解和表达能力；7、工作积极主动，责任心强，具备良好的团队协作精神。三、福利待遇：1、工资：基本工资+月绩效奖金+年终奖，提供有市场竞争力的薪资体系；2、社保：统一购买五险一金；3、福利：各种节假日福利；组织免费体检；购买人身意外伤害保险、意外医疗保险；4、休假：员工工作满一年享受带薪年休假，享受国家法定节假日；5、培训：有健全的培训机制，让员工更快融入公司，适应岗位工作；5、发展：具有公平畅通的晋升机制，为员工成长提供良好的职业发展平台。四、实习：可为在校生提供实习机会，并提供一定的实习补贴。五、地址及联系人：分公司地址：南宁市金洲路25号太平洋世纪广场；,|
python工程师,广西广证房地产土地资产评估有限公司,6001-8000,青秀区,2021-11-04,https://www.gxrc.com/jobDetail/14a822ff91e24b7e8f9c384fc75a68eb,学历大专,一、岗位职责：1、为系统和项目提供 API 支持；2、参与设计并维护系统架构，保证线上服务稳定可用；3、对批量数据进行采集、清晰与分析；二、岗位要求1、拥有3年以上 Python 实际开发经验；2、扎实的Python开发基础，熟悉相关规范和类库，精通django，flask 或其它 Python web 框架等相关技术；3、有 Python Flask 开发 Web API 的经验；3、熟悉Linux操作系统，有Java/Shell一种或多种脚本语言编程能力。三、优先条件：1、对大量动态数据有建模分析的经验；2、有分布式系统、大数据开发经验；3、有基本的前端开发经验；4、良好的沟通、协调能力，有团队管理经验者优先。,|
python编程老师,广西聪锐教育科技有限公司,6001-8000,南宁市,2021-11-29,https://www.gxrc.com/jobDetail/b8a651eeb17a4dcda969583d62075040,学历大专,1.提供入职培训，培训期间提供基本工资。2.岗位:教授青少年python课程，备课，课后总结，填写孩子上课内容，定期与家长沟通。认真完成上级布置任务。3.任职要求:喜爱孩子，热爱早教或少儿教育，性感开朗，具有较强亲和力。具有较强动手能力，学习能力，沟通能力。工作认真负责。4.思维灵活，谈吐大方，善于沟通。。5.只要你认真努力，这将是你一个很好的舞台，希望你和公司共同成长，公司也将提供您一个你长期发展的平台。6.薪资=基本工资+补助+提成+课时+奖金,|
python研发工程师,南宁国电电力科技有限责任公司,6001-8000,南宁市,2021-11-29,https://www.gxrc.com/jobDetail/6631632bbafe4e4bae29b446c9b8a52d,学历本科,岗位要求：1、熟悉python及常用的数据分析工具，熟悉pandas，numpy，matplotlib及jupyter notebook等模块使用。2、熟悉Mysql/PostgreSQL等常用数据库或数据服务工具。3、同时熟悉web后端开发，flask框架等优先。其他要求：1、良好的沟通能力，思路清晰，善于思考，能独立分析和解决问题；2、强烈的责任心和团队合作精神，心态积极，能主动融入团队。岗位职责：1、参与数据分析平台开发。2、负责协助和完成相关其他工作等。,|
Python开发工程师,南宁进驰科技有限责任公司,8001-10000,南宁市,2021-12-01,https://www.gxrc.com/jobDetail/12a861ac559745eca8e35b82a4bcd49d,学历本科,职位描述:1、熟悉Python开发。2、了解rpa优先。3、有程序逻辑基础。4、有清晰的语音及文字沟通能力。5、工作认真负责，做事耐心。有工程经验者优先考虑。6、愿意同时学习并应用其它开发语言。,|
python开发工程师,广西森格自动化科技股份有限公司,6001-8000,南宁市,2021-11-15,https://www.gxrc.com/jobDetail/7483db36a0d5452c8c4b9fc8e7604789,学历大专,工作职责：       1、负责工业互联网平台的通讯服务程序开发(通过运行在网关模块中的python程序，采集数据上传至云服务器)； 2、解决项目前端开发中的技术难题；3、配合具体项目实施，实现工业数据采集至云服务器；4、持续优化前端代码。 岗位要求：1、2年及以上软件开发（或通讯功能开发）经验。2、有良好的编程基础，熟悉linux操作系统，熟悉面向对象编程（如python、C#）；3、有良好的技术钻研及攻关能力。,
前端开发工程师,广西吉祥天健康产业有限公司,8001-10000,青秀区,2021-12-02,https://www.gxrc.com/jobDetail/31142decc3154ec2a486f8dfbcabb33e,学历不限,【岗位职责】1. 负责公司产品web前端开发2. 与产品经理、交互设计师、后端工程师、测试工程师等紧密配合、实现公司产品界面和功能3. 提升用户体验、包括易用性改进、界面美化和性能优化【岗位要求】1. 2年以上前端工作经验，大专及以上学历；2. 具备扎实的HTML、JavaScript、CSS等前端技术基础3. 有微信小程序开发经验【加分项】1. 熟悉掌握一种前端开发框架，如：Angulars、Vue、React等，掌握Vue者优先2. 熟练使用前端自动化构建工具。如：Webpack、Gulp/Grunt3. 了解一门服务端开发语言。如：Java、PHP、Python、NodeJs4. 熟悉网络TCP\IP、HTTP的基本工作原理5. 熟悉团队开发流程，熟练使用git工具进行代码管理6. 对Web前端技术有强烈的兴趣，有良好的学习能力、沟通能力、责任心和团队合作意识,
运维开发工程师 -python,中国—东盟信息港股份有限公司,10001-15000,良庆区,2020-04-14,https://www.gxrc.com/jobDetail/33ba04a2455e4ef59935e6cf6b5c10c3,学历本科,"核心职责：负责自动化运维平台设计及开发，实现自动化部署、监控、自动化配置等，提高运维效率；负责运维新技术、新平台的研究和实践；与运维团队合作，收集与理解需求，提供解决方案，改善运维流程；任职要求：1，能熟练使用Python/GO 编程语言。2，热爱开源技术，熟悉一种或多种开源软件（Ansible、Django、Celery,ETCD等）3，熟悉linux，Docker、VM等系统4，具有互联网运维平台开发或系统运维经验5，熟悉网络知识，了解DNS/HTTP/Proxy/Load balancing方案和原理6，有较强的沟通能力、推动能力和较好的服务意识，有创业激情，喜欢赢，喜欢挑战，有公司主人翁精神。7，熟悉以下内容者优先考虑：Python，Shell，Perl等脚本语言、Selenium测试框架、持续集成流程及框架(jenkins等)使用，熟悉常用中间件（redis，mysql，zk等）使用及部署",|
java开发工程师,南宁市迈璐科技有限公司,6001-8000,青秀区,2021-12-02,https://www.gxrc.com/jobDetail/bb9a2cc6799241c3b07eed5ccce19b46,学历大专,1、熟悉Java语言、J2EE框架、熟悉Spring Boot、Spring Security、Apahce Shiro、MyBatis、Activiti。2、熟悉MVC开发模式，熟悉Servlet、Thymeleaf、JSP。3、熟悉Javascript、JQuery、HTML5、layUI、Vue等网页开发技术。4、熟悉PostgreSQL、MySQL数据库，了解SQL优化方面的知识。5、熟悉Tomcat、Ngix等各种应用服务器部署和优化。6、Java基础扎实、有良好的代码、技术文档编写习惯。除java以外会其他计算机语言，如：C#、python等优先7、熟悉Linux操作，熟悉在Linux部署应用程序的常用命令。8、有开发微信公众号、小程序的经验。9、软件产品的功能模块设计、数据库设计工作；★机遇和挑战并存，如果您是一位脑洞大、善沟通、有新思维、有事业企图心的热血青年，我们欢迎您！10、软件功能的代码开发及测试；11、具有良好的团队合作精神、沟通能力、分析及解决问题能力。12、工作态度认真负责，具有优秀的主动性及学习能力。,|
技术总监,广西科桂兴信息技术有限责任公司,15001-20000,青秀区,2021-12-02,https://www.gxrc.com/jobDetail/fb449219560e47249190a50f8b09727f,学历本科,"岗位职责：1、私有云系统软件研发，负责系统架构设计工作，包括系统的总体规划、架构设计、系统分析、软件实现、性能优化；2、配合项目经理进行新功能研发，根据需求文档及原型，进行概要设计和详细设计，并完成核心代码编写；3、负责产品的技术选型，设计产品技术架构、接口规范，为开发人员提供更加快速有效的开发框架、服务、公用组件；4、解决项目中的关键架构问题和技术难题，负责项目中关键技术难点的攻关和预研，对开发团队进行技术指导和培训。 任职要求：1、 本科以上学历，计算机相关专业毕业，至少6年以上Java/J2EE开发经验，熟悉web开发，有系统架构能力，熟悉python语言；2、JAVA基础扎实，熟悉IO、多线程、集合等基础框架，熟悉面向对象软件结构知识，了解设计模式，熟悉分布式系统的设计和应用；3、熟悉主流开源框架，SpringCloud、SpringBoot、Spring、SpringMVC、MyBatis等开源框架；4、熟悉MySQL/oracle/sqserver，并有一定的优化经验，熟悉redis等NOSQL数据库并有缓存使用经验；5、熟悉MQ原理和使用（RabbitMQ、ActiveMQ、Kafka）；6、逻辑思维能力强，善于与人沟通，具备一定的协调能力以及较强的敬业精神，热爱技术；7、具有规范的编程习惯与文档编写能力，积极配合公司各项规范化建设工作。8、具有大型系统设计经验者优先,尤其是有大数据技术栈的搭建和使用经验者优先；9、有python ai经验优先。",|
python工程师,柳州智视科技有限公司,5001-6000,柳州市,2021-01-15,https://www.gxrc.com/jobDetail/373b3cfe9ed842ffb48f2b5fe84e4259,学历不限,"岗位职责：1、负责爬虫策略和防屏蔽规则设计，后台爬虫数据存储设计以及代码实现；2、负责网页采集任务的分析及采集方案设计及实现；任职要求：1、2年以上开发工作经验，Python基础扎实；2、熟悉多线程、多进程、协程开发、网络编程，精通网页抓取原理及技术的实现细节；3、掌握HTML、CSS、JQuery、RESTful 相关技术；4、具有良好的站点分析经验，能独立处理基于(seeion, cookie)、(AccessToken, Token)、(selenium, splash)、( 访问量, 访问频率)的反爬。自主设计爬取流程；5、熟悉基于规则的网页信息定位，精通正则表达式，xpath语法；6、精通原生Python urllib爬取方式、精通原生Python requests爬取方式、精通框架Python scrapy的爬取方式、熟 悉Python aiohttp 异步请求框架的爬取方式；7、熟悉掌握一种或多种热门关系型数据库和非关系型数据库、熟练使用版本管理工具；8、热爱互联网，对搜索技术和探索未知领域有浓厚兴趣；9、能够高效地沟通,并与团队或跨团队同事有效地协作办公。",|
算法工程师,广西三环高科拉曼芯片技术有限公司,8001-10000,青秀区,2021-12-02,https://www.gxrc.com/jobDetail/36b532cb4f2b4af8a7ca9b0cdbe2d7c9,学历本科,工作内容：1、信号处理(噪声去除、基线去除)、光谱识别；2、结合各检测设备数据库的差异，设计算法解决方案对采集的数据进行校准，建立标准化流程和标准数据格式；3、进行图像处理、模式识别等相关算法的评估及实现4、运用统计及机器学习等技术，针对产品规划需求，研发与实作算法程序代码；5、算法设计、开发与验证。技术要求：1、数学基础扎实（高等数学、概率与数理统计、线性代数、统计学、数据结构等)；2、熟悉常用的噪声去除算法、基线去除算法；3、熟悉常用的统计分析方法（PCA、LDA等），熟悉常用分类识别算法（K近邻分类器、随机森林分类器、朴素贝叶斯、SVM等)；4、熟练掌握MATLAB、JAVA、C/C++、Python、R或其中两种语言开发；5、有深度学习、机器识别、神经网络方面相关经验，在主流期刊上发表过论文者优先；6、参与过光谱图处理算法相关实际项目、优化经验者，计算机、数学、统计学等相关专业优先。,|
软件测试工程师,广西数字国信安全技术服务有限公司,4001-5000,兴宁区,2021-12-02,https://www.gxrc.com/jobDetail/324a394c8af647b6b834fee20591e2e9,学历本科,一、职位描述：1、根据软件评测流程和测试方法，独立开展第三方独立测评，指导、带领团队完成较复杂项目。2、根据功能性测试、性能效率测试、易用性等测试方法和常见工具，编写测试需求文档、测试用例、测试报告等。3、独立开展招投标技术支持工作，开展项目售前工作。4、主导编写软件测评相关项目文件。5、通过自身的沟通，建立与客户、其他承建方沟通通道，推进项目开展。二、任职要求：1、本科以上学历，计算机软件及相关专业。具有软件评测师、风险评估、安全测试等相关从业资格证书者优先；2、具有软件测试机构任职经验，从事过大型信息化测评类项目的优先；3、熟练掌握的软件测试理论，熟悉软件测试的方法、流程和规范，根据项目需求，编写测试方案、测试计划、测试用例，执行测试并跟踪测试结果。4、掌握常用测试技术知识，包括自动化测试、白盒、黑盒、回归测试等；掌握测试用例设计方法，如场景法、边界值分析法、划分等价类等5、了解压力测试工具，掌握常用软件测试工具（例：Jmeter、LoadRunner等），具备独立搭建测试环境的能力；6、具备较强的文书编写能力，完成测试报告等相关文档的编写工作；7、具有较强的领导能力、沟通协调能力、应变能力、较好的主动性及抗压性；8、具有渗透测试经验，一定的软件编程、逆向分析能力，熟练应用一门或几门脚本语言Perl/Python等优先；9、不低于2年的软件测试经验。三、预计年收入：8-15万元。四、晋升路线：主管-经理-总监。五、上班地点与时间：1、上班时间：周一至周五，8:30-12:00，14:30-18:00；2、上班地点：长堽路157号颖都大酒店2楼。,|
Python Web开发工程师,柳州中动智轮科技有限公司,6001-8000,柳州新区,2021-11-25,https://www.gxrc.com/jobDetail/3823c3f002904ad8abceb821490b4986,学历不限,"职位描述1、负责用Python语言实现产品的后端研发；2、负责高质量的设计和编码；3、承担重难点技术攻坚任务；4、参与产品的讨论和开发实现；岗位要求1、2年及以上编码经验；2、熟悉Python后台开发, 有完整的项目开发经验，熟练使用Django或Flask框架；3、熟悉前端Html,Css,Js,Jquery使用,以及前端主流框架之一即可(Vue,React,Angular等)；4、熟悉Linux平台，能够独立完成Python项目部署、调优、运维；5、熟悉Mysql/Mongo数据库和Redis数据库的使用；加分项(非必须):1.能独立承担整个项目的设计,编码,有全栈开发经验的优先考虑；2.熟悉RESTful API开发风格, 注重代码的质量,可维护性,健壮性优先；3.有PHP Web开发经验优先；4.对汽车领域, 如汽车动力学, 轮胎动力学领域感兴趣的优先；5.对GUI编程有所了解优先 (如: Matlab GUI编程, Python的PyQT, Tk等)",|
Python软件开发岗,中国太平洋财产保险股份有限公司广西分公司,6001-8000,青秀区,2021-11-04,https://www.gxrc.com/jobDetail/13874bfd96e849fc8fb336749ee7dc38,学历本科,一、工作地点：广西南宁二、应聘要求：1、全日制本科及以上学历，信息技术、计算机专业；2、年龄在30周岁以下，条件特别优秀者可适当放宽;3、熟悉Python，熟悉selenium等RPA流程自动化技术；4、熟悉Flask 或Django框架；5、熟悉常用关系型数据库，熟悉sql语句；6、有较强的业务知识学习能力，较强的沟通、理解和表达能力；7、工作积极主动，责任心强，具备良好的团队协作精神。三、福利待遇：1、工资：基本工资+月绩效奖金+年终奖，提供有市场竞争力的薪资体系；2、社保：统一购买五险一金；3、福利：各种节假日福利；组织免费体检；购买人身意外伤害保险、意外医疗保险；4、休假：员工工作满一年享受带薪年休假，享受国家法定节假日；5、培训：有健全的培训机制，让员工更快融入公司，适应岗位工作；5、发展：具有公平畅通的晋升机制，为员工成长提供良好的职业发展平台。四、实习：可为在校生提供实习机会，并提供一定的实习补贴。五、地址及联系人：分公司地址：南宁市金洲路25号太平洋世纪广场；,|
python开发,广西泽霖润桂信息科技有限责任公司,4001-5000,南宁市,2021-12-01,https://www.gxrc.com/jobDetail/862a0aeff1ac46c292dee00d1d5d2fa4,学历大专,"岗位职责：1. 协助设计和开发网络爬虫应用，进行互联网相关信息的抓取和分析2. 协助网页信息抽取技术的研究和开发3. 协助解决爬取过程中的反爬问题岗位要求：1. 熟悉Python语言2. 熟悉Mysql数据库基本操作3. 熟悉网页抓取原理及技术的实现细节 PS：公司在各个区均有分点, 正式员工可与上级沟通择近办公工作时间： 八小时工作制，周末双休，无需加班，可提供住宿；公司福利：- 正式上岗前有5k-8k不等的补贴；- 入职缴纳养老保险金、医疗保险金、大病保险金，失业保险金，生育保险金，工伤保险金；- 为员工提供广阔的职业发展平台与晋升空间，半年一次内部晋升机会；- 带薪休假（年假，婚假，丧假，病假等）- 每月一次员工专属生日趴，水果蛋糕礼物，节日礼物，丰富的业余集体活动（拓展，旅游，聚餐，年会等）- 提供住宿(配备空调,热水器，无线网)",|
python工程师,广西广证房地产土地资产评估有限公司,6001-8000,青秀区,2021-11-04,https://www.gxrc.com/jobDetail/14a822ff91e24b7e8f9c384fc75a68eb,学历大专,一、岗位职责：1、为系统和项目提供 API 支持；2、参与设计并维护系统架构，保证线上服务稳定可用；3、对批量数据进行采集、清晰与分析；二、岗位要求1、拥有3年以上 Python 实际开发经验；2、扎实的Python开发基础，熟悉相关规范和类库，精通django，flask 或其它 Python web 框架等相关技术；3、有 Python Flask 开发 Web API 的经验；3、熟悉Linux操作系统，有Java/Shell一种或多种脚本语言编程能力。三、优先条件：1、对大量动态数据有建模分析的经验；2、有分布式系统、大数据开发经验；3、有基本的前端开发经验；4、良好的沟通、协调能力，有团队管理经验者优先。,|
python研发工程师,南宁国电电力科技有限责任公司,6001-8000,南宁市,2021-11-29,https://www.gxrc.com/jobDetail/6631632bbafe4e4bae29b446c9b8a52d,学历本科,岗位要求：1、熟悉python及常用的数据分析工具，熟悉pandas，numpy，matplotlib及jupyter notebook等模块使用。2、熟悉Mysql/PostgreSQL等常用数据库或数据服务工具。3、同时熟悉web后端开发，flask框架等优先。其他要求：1、良好的沟通能力，思路清晰，善于思考，能独立分析和解决问题；2、强烈的责任心和团队合作精神，心态积极，能主动融入团队。岗位职责：1、参与数据分析平台开发。2、负责协助和完成相关其他工作等。,|
Python程序员,广西数锋信息科技有限公司,5001-6000,南宁市,2021-12-01,https://www.gxrc.com/jobDetail/5405b5b0920647c6bc40f77f40eca2ee,学历大专,1、熟悉Python编程、设计模式和组件技术2、3年以上Python编程经验，有Python架构系统经验者优先3、熟悉Python多进程协程开发，熟悉WEB开发框架Flask。4、有数据挖掘经验。5、熟悉Redis、MongoDB等，具备数据库应用、设计能力6、熟悉Linux操作系统及shell编程7、对分布式及高性能Web有一定认识，对可靠性设计有较好的经验8、拥有良好的代码习惯，具备良好的人际沟通能力9、对新技术有强烈的探索欲望，能够承受工作压力，有强烈的责任心10、对以下关键词大部分都有所了解的优先：Django / Flask / coroutine / celery/ sklearn / TensorFlow / Redis /selenium/SEO优化,|
python开发工程师,广西森格自动化科技股份有限公司,6001-8000,南宁市,2021-11-15,https://www.gxrc.com/jobDetail/7483db36a0d5452c8c4b9fc8e7604789,学历大专,工作职责：       1、负责工业互联网平台的通讯服务程序开发(通过运行在网关模块中的python程序，采集数据上传至云服务器)； 2、解决项目前端开发中的技术难题；3、配合具体项目实施，实现工业数据采集至云服务器；4、持续优化前端代码。 岗位要求：1、2年及以上软件开发（或通讯功能开发）经验。2、有良好的编程基础，熟悉linux操作系统，熟悉面向对象编程（如python、C#）；3、有良好的技术钻研及攻关能力。,
python编程老师,广西聪锐教育科技有限公司,6001-8000,南宁市,2021-11-29,https://www.gxrc.com/jobDetail/b8a651eeb17a4dcda969583d62075040,学历大专,1.提供入职培训，培训期间提供基本工资。2.岗位:教授青少年python课程，备课，课后总结，填写孩子上课内容，定期与家长沟通。认真完成上级布置任务。3.任职要求:喜爱孩子，热爱早教或少儿教育，性感开朗，具有较强亲和力。具有较强动手能力，学习能力，沟通能力。工作认真负责。4.思维灵活，谈吐大方，善于沟通。。5.只要你认真努力，这将是你一个很好的舞台，希望你和公司共同成长，公司也将提供您一个你长期发展的平台。6.薪资=基本工资+补助+提成+课时+奖金,|
Python开发工程师,南宁进驰科技有限责任公司,8001-10000,南宁市,2021-12-01,https://www.gxrc.com/jobDetail/12a861ac559745eca8e35b82a4bcd49d,学历本科,职位描述:1、熟悉Python开发。2、了解rpa优先。3、有程序逻辑基础。4、有清晰的语音及文字沟通能力。5、工作认真负责，做事耐心。有工程经验者优先考虑。6、愿意同时学习并应用其它开发语言。,|
Python工程师,广西知感科技有限公司,6001-8000,南宁市,2021-12-02,https://www.gxrc.com/jobDetail/c58710c307b544f2aeca556ece9e4ddd,学历本科,公共要求 - 诚实、正直、踏实 - 热爱互联网行业，您需要的不仅是一个“工作”，更是“职业”或更多 - 充满钻研热情，不满足于“知其然”，更热衷于“知其所以然” - 基础扎实、热爱学习、乐于拥抱变化 - 能胜任远程工作者 - 熟悉linux系统 优先考虑 - 英语能力较好先考虑 - 有产品意识优先 对于Python开发工程师的要求 - 熟练使用Python / Django / FastAPI 进行开发 - 了解前端开发优先考虑 [职责] - 熟练掌握各项团队协作相关工具 - 运用WEB相关技能、框架进行WEB系统开发、调试 - 与伙伴一起与客户沟通，掌握需求、设计系统,|
Python编程老师,深圳市瑞视云智科技有限公司,6001-8000,西乡塘区,2021-12-01,https://www.gxrc.com/jobDetail/ad3ed401c01843469625489e6cafec26,学历本科,岗位职责：1、负责大数据、人工智能教育方向的教学研发工作，包括教学体系开发、课程内容设计等；2、负责教学方案设计和教学资料的制作，包括课程大纲、教学课件等；3、负责远程教学的过程性设计和在线教学内容研发；4、将产业经验转化为教学资源，设计实验室方案或实训类项目的教学内容。任职资格：1、本科及以上学历，计算机或应用数学、统计学相关专业；有1年以上 大数据/AI 技术行业教育培训授课经验或课程研发经验；2、熟练使用Java、Python、Scala至少一门语言，熟悉Redis和MySQL，熟悉Linux平台；3、熟悉分布式、高性能计算，从事过Hadoop、Spark、MPI相关的开发工作者优先；4、至少参与过一个中大型实际项目开发者；5、 表达能力强，声音清晰自然，个性开朗，乐于与人交流；（注：本职位对这条很重视）；6、热爱IT技术职业教育工作，有前瞻性和市场洞察能力，敢于拼搏，有创业精神；,
python程序员,永旭工艺（深圳）有限公司,4001-5000,青秀区,2021-12-02,https://www.gxrc.com/jobDetail/b96b44abf07c4065b5f8aa073faffe94,学历大专,1、精通Python，熟练使用面向对象编程；  2、熟悉数据库，包括但不仅限于熟练使用、数据库调优等；3、2年以上工作经验4、有项目管理经验或团队管理经验重点优先考虑5、工作认真负责。,|
Python高级工程师,南宁市乐锐网络科技有限公司,6001-8000,南宁市,2021-12-02,https://www.gxrc.com/jobDetail/aac3654c1149499b950a1d70fb13e285,学历不限,"岗位职责：1、参与爬虫项目的架构设计、研发、编程工作，改进和提升爬虫效率；2、设计爬虫策略和防屏蔽规则，提升网页抓取的效率和质量；3、负责后台爬虫数据的分布式存储设计以及代码实现；4、负责网页采集任务的分析及采集方案设计；5、负责分布式爬虫策略持续优化任职要求：1、2年以上开发工作经验，Python基础扎实；2、熟悉多线程、多进程、协程开发、网络编程，精通网页抓取原理及技术的实现细节；3、了解分布式计算和储存技术以及相关原理；4、具备Python运维平台开发经验，熟悉 Django/Django rest/Tornado/Flask/Sqlalchemy 等其中一种或几种开发框架；5、掌握HTML、CSS、JQuery、RESTful 相关技术；6、具有良好的站点分析经验，能独立处理基于(seeion, cookie)、(AccessToken, Token)、(selenium, splash)、(访问量, 访问频率)的反爬。自主设计爬取流程；7、熟悉基于规则的网页信息定位，精通正则表达式，xpath语法；8、精通原生Python urllib爬取方式、精通原生Python requests爬取方式、精通框架Python scrapy的爬取方式、熟悉Python aiohttp 异步请求框架的爬取方式；9、熟悉掌握一种或多种热门关系型数据库和非关系型数据库、熟练使用Git；10、热爱互联网，对搜索技术和探索未知领域有浓厚兴趣；11、能够高效地沟通,并与团队或跨团队同事有效地协作办公。加分项：1、能够自动化处理滑动验证码、静态验证码、动态验证码；2、熟悉Python爬虫服务器部署;",|
Python开发工程师,中国—东盟信息港股份有限公司,10001-15000,良庆区,2021-12-03,https://www.gxrc.com/jobDetail/d18646a622b4458882f5a4409ec17f0f,学历不限,"岗位职责:1.负责安全产品[扫描器⽅向]设计及开发，包括爬⾍引擎、规则引擎、API接⼝；2.根据需求⽂档独⽴完成功能模块开发和测试发布；3.分析并解决系统开发过程中遇到的问题。任职要求：1.中级岗位具备3年以上后端开发经验，⾼级岗位需5年以上开发经验，有⼤型系统调优经验或者安全产品开发经验，熟悉分布式存储、搜索、异步框架、集群与负载均衡，消息中间件等技术；2.对常⻅Web漏洞原理、防御机制有较深⼊的理解和较丰富的经验，对HTTP有深⼊理解；3.熟练掌握⼀种开源爬⾍框架，如scrapy,requests；4.熟悉mysql, redis等常⽤数据库；5.熟悉ﬂask框架，分布式架构；6.深⼊了解⾯向对象思想，有专研习惯优先；7.对技术有浓厚的兴趣，责任感强，有较好的交流沟通能⼒和团队合作能⼒。",|
Python工程师,广西知感科技有限公司,6001-8000,南宁市,2021-12-03,https://www.gxrc.com/jobDetail/c58710c307b544f2aeca556ece9e4ddd,学历本科,公共要求 - 诚实、正直、踏实 - 热爱互联网行业，您需要的不仅是一个“工作”，更是“职业”或更多 - 充满钻研热情，不满足于“知其然”，更热衷于“知其所以然” - 基础扎实、热爱学习、乐于拥抱变化 - 能胜任远程工作者 - 熟悉linux系统 优先考虑 - 英语能力较好先考虑 - 有产品意识优先 对于Python开发工程师的要求 - 熟练使用Python / Django / FastAPI 进行开发 - 了解前端开发优先考虑 [职责] - 熟练掌握各项团队协作相关工具 - 运用WEB相关技能、框架进行WEB系统开发、调试 - 与伙伴一起与客户沟通，掌握需求、设计系统,|
项目经理,南宁西岸枫谷商务数据有限公司,8001-10000,南宁市,2021-12-03,https://www.gxrc.com/jobDetail/203de2e4bccc4923b625f7524e7118c6,学历大专,你需要完成这样的工作：1、负责软件项目的开发、实施和管理工作。2、完成日常项目管理工作，满足公司项目管理规范度要求； 3、带领项目团队完成项目工程实施、验收等项目目标，达到公司相关要求；我们需要这样的你：1、计算机相关专业，3年以上技术开发经验，2年以上项目管理经验；2、掌握应用主流开发技术，有互联网相关产品（Web端，IOS/Android App等）开发管理经验；3、至少精通Java、Python、JS等两种开发语言；4、熟练掌握Linux，Windows等服务器及应用，以及 MySQL、Mongodb等数据库及应用；5、有项目策划、实施、指导及团队管理经验，具备现场协调和客户沟通能力；6、有很好的团队意识和沟通协作能力，有系统的思维能力和创新精神。福利待遇：1.全方位有竞争力的薪酬体系，公平公正的岗位晋升制度，广阔稳定的发展平台；2.五险，双休，年终奖，带薪年假，各项法定假日，节假日福利，生日礼物，下午茶，团建活动，年度旅游；3.办公环境干净，整洁，舒适，明亮，宽敞！4.热情洋溢的团队，如火如荼的工作氛围，正在等待你的加入！上班时间：星期一至星期五，每天工作7.5小时工作地址：南宁市西乡塘区高新三路南宁-东盟企业总部基地五期研发大楼,|
Python高级工程师,南宁市乐锐网络科技有限公司,6001-8000,南宁市,2021-12-03,https://www.gxrc.com/jobDetail/aac3654c1149499b950a1d70fb13e285,学历不限,"岗位职责：1、参与爬虫项目的架构设计、研发、编程工作，改进和提升爬虫效率；2、设计爬虫策略和防屏蔽规则，提升网页抓取的效率和质量；3、负责后台爬虫数据的分布式存储设计以及代码实现；4、负责网页采集任务的分析及采集方案设计；5、负责分布式爬虫策略持续优化任职要求：1、2年以上开发工作经验，Python基础扎实；2、熟悉多线程、多进程、协程开发、网络编程，精通网页抓取原理及技术的实现细节；3、了解分布式计算和储存技术以及相关原理；4、具备Python运维平台开发经验，熟悉 Django/Django rest/Tornado/Flask/Sqlalchemy 等其中一种或几种开发框架；5、掌握HTML、CSS、JQuery、RESTful 相关技术；6、具有良好的站点分析经验，能独立处理基于(seeion, cookie)、(AccessToken, Token)、(selenium, splash)、(访问量, 访问频率)的反爬。自主设计爬取流程；7、熟悉基于规则的网页信息定位，精通正则表达式，xpath语法；8、精通原生Python urllib爬取方式、精通原生Python requests爬取方式、精通框架Python scrapy的爬取方式、熟悉Python aiohttp 异步请求框架的爬取方式；9、熟悉掌握一种或多种热门关系型数据库和非关系型数据库、熟练使用Git；10、热爱互联网，对搜索技术和探索未知领域有浓厚兴趣；11、能够高效地沟通,并与团队或跨团队同事有效地协作办公。加分项：1、能够自动化处理滑动验证码、静态验证码、动态验证码；2、熟悉Python爬虫服务器部署;",|
python工程师,柳州智视科技有限公司,5001-6000,柳州市,2021-01-15,https://www.gxrc.com/jobDetail/373b3cfe9ed842ffb48f2b5fe84e4259,学历不限,"岗位职责：1、负责爬虫策略和防屏蔽规则设计，后台爬虫数据存储设计以及代码实现；2、负责网页采集任务的分析及采集方案设计及实现；任职要求：1、2年以上开发工作经验，Python基础扎实；2、熟悉多线程、多进程、协程开发、网络编程，精通网页抓取原理及技术的实现细节；3、掌握HTML、CSS、JQuery、RESTful 相关技术；4、具有良好的站点分析经验，能独立处理基于(seeion, cookie)、(AccessToken, Token)、(selenium, splash)、( 访问量, 访问频率)的反爬。自主设计爬取流程；5、熟悉基于规则的网页信息定位，精通正则表达式，xpath语法；6、精通原生Python urllib爬取方式、精通原生Python requests爬取方式、精通框架Python scrapy的爬取方式、熟 悉Python aiohttp 异步请求框架的爬取方式；7、熟悉掌握一种或多种热门关系型数据库和非关系型数据库、熟练使用版本管理工具；8、热爱互联网，对搜索技术和探索未知领域有浓厚兴趣；9、能够高效地沟通,并与团队或跨团队同事有效地协作办公。",|
测试工程师,广西轩妈食品有限公司,6001-8000,江南区,2021-12-03,https://www.gxrc.com/jobDetail/de9491e19bdd46118d2a81ecc441aeba,学历本科,主要职责：1.负责公司信息化所需的电商、生产制造等相关业务系统测试及维护，实现公司经营生产数字化、智造化，项目覆盖微信小程序、移动端H5、小程序、PC Web、APP、ERP的开发；2.与业务团队对接，参与需求、架构、测试需求、测试案例等评审；根据产品需求编写测试用例文档、按进度完成项目测试上线，把控代码质量；3.应用系统的需求分析，完成测试需求的开发；4.自动化测试案例的开发；负责测试环境的准备；5.根据风险评估，确定测试案例执行的优先级别；6.测试发现缺陷的风险评估，确认缺陷和协调修复缺陷；7.执行测试案例负责应用系统的需求分析、案例设计、缺陷确认和环境准备工作。任职要求 :1.本科及以上学历，计算机、软件工程及相关专业，至少3年工作经验；且必须具备2年或以上相关工作经验（如果没有测试经验，只具备开发经验亦可）；2.熟练掌握web测试或app测试基本方法，能够独立进行测试分析（如果只有开发经验，此条可不参考）；3.熟练掌握sql编写；4.有高并发系统或者复杂交易类系统开发/测试经验；5.掌握一种以上开发语言（如java，python等）并有工具开发（如测试工具）经验者优先；6.具备以下条件优先：(1)有良好的沟通、协调能力，较强的逻辑分析能力，擅长团队合作者；(2)有电商、ERP供应链相关领域测试经验者。 ★※薪酬福利※★★每年1-2次调薪机会+六险二金（社保、意外险、重疾险、公积金、孝顺金）+各类补贴+工龄工资+团建活动+公司篮球场、足球场休闲活动中心等~★机遇和挑战并存，学历和经验不再是首要录取你的唯一标准，如果您是一位脑洞大、善沟通、有新思维、有事业企图心的热血青年，“轩妈”欢迎您！,|
python开发,广西泽霖润桂信息科技有限责任公司,4001-5000,南宁市,2021-12-03,https://www.gxrc.com/jobDetail/862a0aeff1ac46c292dee00d1d5d2fa4,学历大专,"岗位职责：1. 协助设计和开发网络爬虫应用，进行互联网相关信息的抓取和分析2. 协助网页信息抽取技术的研究和开发3. 协助解决爬取过程中的反爬问题岗位要求：1. 熟悉Python语言2. 熟悉Mysql数据库基本操作3. 熟悉网页抓取原理及技术的实现细节 PS：公司在各个区均有分点, 正式员工可与上级沟通择近办公工作时间： 八小时工作制，周末双休，无需加班，可提供住宿；公司福利：- 正式上岗前有5k-8k不等的补贴；- 入职缴纳养老保险金、医疗保险金、大病保险金，失业保险金，生育保险金，工伤保险金；- 为员工提供广阔的职业发展平台与晋升空间，半年一次内部晋升机会；- 带薪休假（年假，婚假，丧假，病假等）- 每月一次员工专属生日趴，水果蛋糕礼物，节日礼物，丰富的业余集体活动（拓展，旅游，聚餐，年会等）- 提供住宿(配备空调,热水器，无线网)",|
运维工程师,广西轩妈食品有限公司,6001-8000,江南区,2021-12-03,https://www.gxrc.com/jobDetail/b4deca0638af418988b5c16f95290448,学历本科,主要职责：1.公司系统日常业务运维，包括系统组件升级，应用上线、下线、升级，平台监控、性能调优、故障处理，保障服务的正常提供；2.业务系统的日常运维分析汇总，优化流程、提升工作效率和系统稳定性；3.阿里云平台云资源监控及运维，确保系统性能、质量和安全；4.应急响应线上故障，在故障发生时快速解决问题恢复业务；5.公司中间件相关服务，并根据要求完成各类技术文档，如协助研发排查相关故障，并提供故障分析报告；6.和项目组及研发沟通，对业务运行环境中存在的问题进行定期反馈和推动改善；7.参与自动化运维平台规划设计、实现及优化。任职要求：1.3年以上的服务器维护经验；2.对前沿技术、应用保持饥渴的学习欲望，具备较强的学习能力和执行力；3.良好的沟通协调能力和团队合作意识，较强的责任心和抗压能力。4.熟练使用linux系统，掌握shell/perl/python脚本语言之一；5.熟悉常用中间件redis、mysql、zookeeper、kafka、RocketMQ、RabbitMQ等；6.熟悉docker、kubernetes；7.熟悉TCP/IP、SNMP、HTTP、ICMP等网络协议。8.熟悉阿里云资源部署及维护。★※薪酬福利※★★每年1-2次调薪机会+六险二金（社保、意外险、重疾险、公积金、孝顺金）+工龄工资+各类补贴+团建活动+公司篮球场、足球场等等等~★试用期购买社保，月休6天。★机遇和挑战并存，学历和经验不再是首要录取您的唯一标准，如果您是一位脑洞大、善沟通、有新思维、有事业企图心的热血青年，轩妈欢迎您！,|
python开发工程师,广西泽霖润桂信息科技有限责任公司,3001-4000,南宁市,2021-12-03,https://www.gxrc.com/jobDetail/8c00c18ef917460e8627a641672a619f,学历大专,岗位职责：1、参与产品需求分析和设计；2、完成公司核心产品代码编写和接口文档编写，确保系统性能、质量和安全；3、协助产品、前端、测试人员完成相关工作。任职要求：1、熟悉python开发，良好的代码书写风格；2、熟练使用SQL数据库（MySQL或者Postgres）；3、熟悉TCP/IP协议，熟悉Linux网络编程优先；4、有独立分析和解决问题的能力，有良好的团队合作精神。,
运维开发工程师 -python,中国—东盟信息港股份有限公司,10001-15000,良庆区,2020-04-14,https://www.gxrc.com/jobDetail/33ba04a2455e4ef59935e6cf6b5c10c3,学历本科,"核心职责：负责自动化运维平台设计及开发，实现自动化部署、监控、自动化配置等，提高运维效率；负责运维新技术、新平台的研究和实践；与运维团队合作，收集与理解需求，提供解决方案，改善运维流程；任职要求：1，能熟练使用Python/GO 编程语言。2，热爱开源技术，熟悉一种或多种开源软件（Ansible、Django、Celery,ETCD等）3，熟悉linux，Docker、VM等系统4，具有互联网运维平台开发或系统运维经验5，熟悉网络知识，了解DNS/HTTP/Proxy/Load balancing方案和原理6，有较强的沟通能力、推动能力和较好的服务意识，有创业激情，喜欢赢，喜欢挑战，有公司主人翁精神。7，熟悉以下内容者优先考虑：Python，Shell，Perl等脚本语言、Selenium测试框架、持续集成流程及框架(jenkins等)使用，熟悉常用中间件（redis，mysql，zk等）使用及部署",|
Python Web开发工程师,柳州中动智轮科技有限公司,6001-8000,柳州新区,2021-11-25,https://www.gxrc.com/jobDetail/3823c3f002904ad8abceb821490b4986,学历不限,"职位描述1、负责用Python语言实现产品的后端研发；2、负责高质量的设计和编码；3、承担重难点技术攻坚任务；4、参与产品的讨论和开发实现；岗位要求1、2年及以上编码经验；2、熟悉Python后台开发, 有完整的项目开发经验，熟练使用Django或Flask框架；3、熟悉前端Html,Css,Js,Jquery使用,以及前端主流框架之一即可(Vue,React,Angular等)；4、熟悉Linux平台，能够独立完成Python项目部署、调优、运维；5、熟悉Mysql/Mongo数据库和Redis数据库的使用；加分项(非必须):1.能独立承担整个项目的设计,编码,有全栈开发经验的优先考虑；2.熟悉RESTful API开发风格, 注重代码的质量,可维护性,健壮性优先；3.有PHP Web开发经验优先；4.对汽车领域, 如汽车动力学, 轮胎动力学领域感兴趣的优先；5.对GUI编程有所了解优先 (如: Matlab GUI编程, Python的PyQT, Tk等)",|
python工程师,广西广证房地产土地资产评估有限公司,6001-8000,青秀区,2021-11-04,https://www.gxrc.com/jobDetail/14a822ff91e24b7e8f9c384fc75a68eb,学历大专,一、岗位职责：1、为系统和项目提供 API 支持；2、参与设计并维护系统架构，保证线上服务稳定可用；3、对批量数据进行采集、清晰与分析；二、岗位要求1、拥有3年以上 Python 实际开发经验；2、扎实的Python开发基础，熟悉相关规范和类库，精通django，flask 或其它 Python web 框架等相关技术；3、有 Python Flask 开发 Web API 的经验；3、熟悉Linux操作系统，有Java/Shell一种或多种脚本语言编程能力。三、优先条件：1、对大量动态数据有建模分析的经验；2、有分布式系统、大数据开发经验；3、有基本的前端开发经验；4、良好的沟通、协调能力，有团队管理经验者优先。,|
Python软件开发岗,中国太平洋财产保险股份有限公司广西分公司,6001-8000,青秀区,2021-11-04,https://www.gxrc.com/jobDetail/13874bfd96e849fc8fb336749ee7dc38,学历本科,一、工作地点：广西南宁二、应聘要求：1、全日制本科及以上学历，信息技术、计算机专业；2、年龄在30周岁以下，条件特别优秀者可适当放宽;3、熟悉Python，熟悉selenium等RPA流程自动化技术；4、熟悉Flask 或Django框架；5、熟悉常用关系型数据库，熟悉sql语句；6、有较强的业务知识学习能力，较强的沟通、理解和表达能力；7、工作积极主动，责任心强，具备良好的团队协作精神。三、福利待遇：1、工资：基本工资+月绩效奖金+年终奖，提供有市场竞争力的薪资体系；2、社保：统一购买五险一金；3、福利：各种节假日福利；组织免费体检；购买人身意外伤害保险、意外医疗保险；4、休假：员工工作满一年享受带薪年休假，享受国家法定节假日；5、培训：有健全的培训机制，让员工更快融入公司，适应岗位工作；5、发展：具有公平畅通的晋升机制，为员工成长提供良好的职业发展平台。四、实习：可为在校生提供实习机会，并提供一定的实习补贴。五、地址及联系人：分公司地址：南宁市金洲路25号太平洋世纪广场；,|
python编程老师,广西聪锐教育科技有限公司,6001-8000,南宁市,2021-11-29,https://www.gxrc.com/jobDetail/b8a651eeb17a4dcda969583d62075040,学历大专,1.提供入职培训，培训期间提供基本工资。2.岗位:教授青少年python课程，备课，课后总结，填写孩子上课内容，定期与家长沟通。认真完成上级布置任务。3.任职要求:喜爱孩子，热爱早教或少儿教育，性感开朗，具有较强亲和力。具有较强动手能力，学习能力，沟通能力。工作认真负责。4.思维灵活，谈吐大方，善于沟通。。5.只要你认真努力，这将是你一个很好的舞台，希望你和公司共同成长，公司也将提供您一个你长期发展的平台。6.薪资=基本工资+补助+提成+课时+奖金,|
Python开发工程师,南宁进驰科技有限责任公司,8001-10000,南宁市,2021-12-01,https://www.gxrc.com/jobDetail/12a861ac559745eca8e35b82a4bcd49d,学历本科,职位描述:1、熟悉Python开发。2、了解rpa优先。3、有程序逻辑基础。4、有清晰的语音及文字沟通能力。5、工作认真负责，做事耐心。有工程经验者优先考虑。6、愿意同时学习并应用其它开发语言。,|
python开发工程师,广西森格自动化科技股份有限公司,6001-8000,南宁市,2021-11-15,https://www.gxrc.com/jobDetail/7483db36a0d5452c8c4b9fc8e7604789,学历大专,工作职责：       1、负责工业互联网平台的通讯服务程序开发(通过运行在网关模块中的python程序，采集数据上传至云服务器)； 2、解决项目前端开发中的技术难题；3、配合具体项目实施，实现工业数据采集至云服务器；4、持续优化前端代码。 岗位要求：1、2年及以上软件开发（或通讯功能开发）经验。2、有良好的编程基础，熟悉linux操作系统，熟悉面向对象编程（如python、C#）；3、有良好的技术钻研及攻关能力。,
python研发工程师,南宁国电电力科技有限责任公司,6001-8000,南宁市,2021-11-29,https://www.gxrc.com/jobDetail/6631632bbafe4e4bae29b446c9b8a52d,学历本科,岗位要求：1、熟悉python及常用的数据分析工具，熟悉pandas，numpy，matplotlib及jupyter notebook等模块使用。2、熟悉Mysql/PostgreSQL等常用数据库或数据服务工具。3、同时熟悉web后端开发，flask框架等优先。其他要求：1、良好的沟通能力，思路清晰，善于思考，能独立分析和解决问题；2、强烈的责任心和团队合作精神，心态积极，能主动融入团队。岗位职责：1、参与数据分析平台开发。2、负责协助和完成相关其他工作等。,|
python开发工程师,广西正之乾科技有限公司,4001-5000,南宁市,2021-12-02,https://www.gxrc.com/jobDetail/8dfce918d7d94e6984ff9641f029ed92,学历本科,接受实习生，接受有经验的高级开发工程师岗位职责：1、参与产品需求分析和设计；2、完成公司核心产品代码编写和接口文档编写，确保系统性能、质量和安全；3、协助产品、前端、测试人员完成相关工作。任职要求：1、熟悉python开发，良好的代码书写风格；2、熟练使用SQL数据库（MySQL或者Postgres）；3、熟悉TCP/IP协议，熟悉Linux网络编程优先；4、有独立分析和解决问题的能力，有良好的团队合作精神。,|
python程序员,永旭工艺（深圳）有限公司,4001-5000,青秀区,2021-12-02,https://www.gxrc.com/jobDetail/b96b44abf07c4065b5f8aa073faffe94,学历大专,1、精通Python，熟练使用面向对象编程；  2、熟悉数据库，包括但不仅限于熟练使用、数据库调优等；3、2年以上工作经验4、有项目管理经验或团队管理经验重点优先考虑5、工作认真负责。,|
Python程序员,广西数锋信息科技有限公司,5001-6000,南宁市,2021-12-02,https://www.gxrc.com/jobDetail/5405b5b0920647c6bc40f77f40eca2ee,学历大专,1、熟悉Python编程、设计模式和组件技术2、3年以上Python编程经验，有Python架构系统经验者优先3、熟悉Python多进程协程开发，熟悉WEB开发框架Flask。4、有数据挖掘经验。5、熟悉Redis、MongoDB等，具备数据库应用、设计能力6、熟悉Linux操作系统及shell编程7、对分布式及高性能Web有一定认识，对可靠性设计有较好的经验8、拥有良好的代码习惯，具备良好的人际沟通能力9、对新技术有强烈的探索欲望，能够承受工作压力，有强烈的责任心10、对以下关键词大部分都有所了解的优先：Django / Flask / coroutine / celery/ sklearn / TensorFlow / Redis /selenium/SEO优化,|
python开发工程师,广西正之乾科技有限公司,4001-5000,南宁市,2021-12-02,https://www.gxrc.com/jobDetail/8dfce918d7d94e6984ff9641f029ed92,学历本科,接受实习生，接受有经验的高级开发工程师岗位职责：1、参与产品需求分析和设计；2、完成公司核心产品代码编写和接口文档编写，确保系统性能、质量和安全；3、协助产品、前端、测试人员完成相关工作。任职要求：1、熟悉python开发，良好的代码书写风格；2、熟练使用SQL数据库（MySQL或者Postgres）；3、熟悉TCP/IP协议，熟悉Linux网络编程优先；4、有独立分析和解决问题的能力，有良好的团队合作精神。,|
运维开发工程师 -python,中国—东盟信息港股份有限公司,10001-15000,良庆区,2020-04-14,https://www.gxrc.com/jobDetail/33ba04a2455e4ef59935e6cf6b5c10c3,学历本科,"核心职责：负责自动化运维平台设计及开发，实现自动化部署、监控、自动化配置等，提高运维效率；负责运维新技术、新平台的研究和实践；与运维团队合作，收集与理解需求，提供解决方案，改善运维流程；任职要求：1，能熟练使用Python/GO 编程语言。2，热爱开源技术，熟悉一种或多种开源软件（Ansible、Django、Celery,ETCD等）3，熟悉linux，Docker、VM等系统4，具有互联网运维平台开发或系统运维经验5，熟悉网络知识，了解DNS/HTTP/Proxy/Load balancing方案和原理6，有较强的沟通能力、推动能力和较好的服务意识，有创业激情，喜欢赢，喜欢挑战，有公司主人翁精神。7，熟悉以下内容者优先考虑：Python，Shell，Perl等脚本语言、Selenium测试框架、持续集成流程及框架(jenkins等)使用，熟悉常用中间件（redis，mysql，zk等）使用及部署",|
Python开发工程师,南宁进驰科技有限责任公司,8001-10000,南宁市,2021-12-01,https://www.gxrc.com/jobDetail/12a861ac559745eca8e35b82a4bcd49d,学历本科,职位描述:1、熟悉Python开发。2、了解rpa优先。3、有程序逻辑基础。4、有清晰的语音及文字沟通能力。5、工作认真负责，做事耐心。有工程经验者优先考虑。6、愿意同时学习并应用其它开发语言。,|
Python软件开发岗,中国太平洋财产保险股份有限公司广西分公司,6001-8000,青秀区,2021-11-04,https://www.gxrc.com/jobDetail/13874bfd96e849fc8fb336749ee7dc38,学历本科,一、工作地点：广西南宁二、应聘要求：1、全日制本科及以上学历，信息技术、计算机专业；2、年龄在30周岁以下，条件特别优秀者可适当放宽;3、熟悉Python，熟悉selenium等RPA流程自动化技术；4、熟悉Flask 或Django框架；5、熟悉常用关系型数据库，熟悉sql语句；6、有较强的业务知识学习能力，较强的沟通、理解和表达能力；7、工作积极主动，责任心强，具备良好的团队协作精神。三、福利待遇：1、工资：基本工资+月绩效奖金+年终奖，提供有市场竞争力的薪资体系；2、社保：统一购买五险一金；3、福利：各种节假日福利；组织免费体检；购买人身意外伤害保险、意外医疗保险；4、休假：员工工作满一年享受带薪年休假，享受国家法定节假日；5、培训：有健全的培训机制，让员工更快融入公司，适应岗位工作；5、发展：具有公平畅通的晋升机制，为员工成长提供良好的职业发展平台。四、实习：可为在校生提供实习机会，并提供一定的实习补贴。五、地址及联系人：分公司地址：南宁市金洲路25号太平洋世纪广场；,|
python开发工程师,广西森格自动化科技股份有限公司,6001-8000,南宁市,2021-11-15,https://www.gxrc.com/jobDetail/7483db36a0d5452c8c4b9fc8e7604789,学历大专,工作职责：       1、负责工业互联网平台的通讯服务程序开发(通过运行在网关模块中的python程序，采集数据上传至云服务器)； 2、解决项目前端开发中的技术难题；3、配合具体项目实施，实现工业数据采集至云服务器；4、持续优化前端代码。 岗位要求：1、2年及以上软件开发（或通讯功能开发）经验。2、有良好的编程基础，熟悉linux操作系统，熟悉面向对象编程（如python、C#）；3、有良好的技术钻研及攻关能力。,
python研发工程师,南宁国电电力科技有限责任公司,6001-8000,南宁市,2021-11-29,https://www.gxrc.com/jobDetail/6631632bbafe4e4bae29b446c9b8a52d,学历本科,岗位要求：1、熟悉python及常用的数据分析工具，熟悉pandas，numpy，matplotlib及jupyter notebook等模块使用。2、熟悉Mysql/PostgreSQL等常用数据库或数据服务工具。3、同时熟悉web后端开发，flask框架等优先。其他要求：1、良好的沟通能力，思路清晰，善于思考，能独立分析和解决问题；2、强烈的责任心和团队合作精神，心态积极，能主动融入团队。岗位职责：1、参与数据分析平台开发。2、负责协助和完成相关其他工作等。,|
python编程老师,广西聪锐教育科技有限公司,6001-8000,南宁市,2021-11-29,https://www.gxrc.com/jobDetail/b8a651eeb17a4dcda969583d62075040,学历大专,1.提供入职培训，培训期间提供基本工资。2.岗位:教授青少年python课程，备课，课后总结，填写孩子上课内容，定期与家长沟通。认真完成上级布置任务。3.任职要求:喜爱孩子，热爱早教或少儿教育，性感开朗，具有较强亲和力。具有较强动手能力，学习能力，沟通能力。工作认真负责。4.思维灵活，谈吐大方，善于沟通。。5.只要你认真努力，这将是你一个很好的舞台，希望你和公司共同成长，公司也将提供您一个你长期发展的平台。6.薪资=基本工资+补助+提成+课时+奖金,|
python工程师,广西广证房地产土地资产评估有限公司,6001-8000,青秀区,2021-11-04,https://www.gxrc.com/jobDetail/14a822ff91e24b7e8f9c384fc75a68eb,学历大专,一、岗位职责：1、为系统和项目提供 API 支持；2、参与设计并维护系统架构，保证线上服务稳定可用；3、对批量数据进行采集、清晰与分析；二、岗位要求1、拥有3年以上 Python 实际开发经验；2、扎实的Python开发基础，熟悉相关规范和类库，精通django，flask 或其它 Python web 框架等相关技术；3、有 Python Flask 开发 Web API 的经验；3、熟悉Linux操作系统，有Java/Shell一种或多种脚本语言编程能力。三、优先条件：1、对大量动态数据有建模分析的经验；2、有分布式系统、大数据开发经验；3、有基本的前端开发经验；4、良好的沟通、协调能力，有团队管理经验者优先。,|
Python程序员,广西数锋信息科技有限公司,5001-6000,南宁市,2021-12-02,https://www.gxrc.com/jobDetail/5405b5b0920647c6bc40f77f40eca2ee,学历大专,1、熟悉Python编程、设计模式和组件技术2、3年以上Python编程经验，有Python架构系统经验者优先3、熟悉Python多进程协程开发，熟悉WEB开发框架Flask。4、有数据挖掘经验。5、熟悉Redis、MongoDB等，具备数据库应用、设计能力6、熟悉Linux操作系统及shell编程7、对分布式及高性能Web有一定认识，对可靠性设计有较好的经验8、拥有良好的代码习惯，具备良好的人际沟通能力9、对新技术有强烈的探索欲望，能够承受工作压力，有强烈的责任心10、对以下关键词大部分都有所了解的优先：Django / Flask / coroutine / celery/ sklearn / TensorFlow / Redis /selenium/SEO优化,|
python程序员,永旭工艺（深圳）有限公司,4001-5000,青秀区,2021-12-02,https://www.gxrc.com/jobDetail/b96b44abf07c4065b5f8aa073faffe94,学历大专,1、精通Python，熟练使用面向对象编程；  2、熟悉数据库，包括但不仅限于熟练使用、数据库调优等；3、2年以上工作经验4、有项目管理经验或团队管理经验重点优先考虑5、工作认真负责。,|
Python开发工程师,中国—东盟信息港股份有限公司,10001-15000,良庆区,2021-12-03,https://www.gxrc.com/jobDetail/d18646a622b4458882f5a4409ec17f0f,学历不限,"岗位职责:1.负责安全产品[扫描器⽅向]设计及开发，包括爬⾍引擎、规则引擎、API接⼝；2.根据需求⽂档独⽴完成功能模块开发和测试发布；3.分析并解决系统开发过程中遇到的问题。任职要求：1.中级岗位具备3年以上后端开发经验，⾼级岗位需5年以上开发经验，有⼤型系统调优经验或者安全产品开发经验，熟悉分布式存储、搜索、异步框架、集群与负载均衡，消息中间件等技术；2.对常⻅Web漏洞原理、防御机制有较深⼊的理解和较丰富的经验，对HTTP有深⼊理解；3.熟练掌握⼀种开源爬⾍框架，如scrapy,requests；4.熟悉mysql, redis等常⽤数据库；5.熟悉ﬂask框架，分布式架构；6.深⼊了解⾯向对象思想，有专研习惯优先；7.对技术有浓厚的兴趣，责任感强，有较好的交流沟通能⼒和团队合作能⼒。",|
python开发,广西泽霖润桂信息科技有限责任公司,4001-5000,南宁市,2021-12-03,https://www.gxrc.com/jobDetail/862a0aeff1ac46c292dee00d1d5d2fa4,学历大专,"岗位职责：1. 协助设计和开发网络爬虫应用，进行互联网相关信息的抓取和分析2. 协助网页信息抽取技术的研究和开发3. 协助解决爬取过程中的反爬问题岗位要求：1. 熟悉Python语言2. 熟悉Mysql数据库基本操作3. 熟悉网页抓取原理及技术的实现细节 PS：公司在各个区均有分点, 正式员工可与上级沟通择近办公工作时间： 八小时工作制，周末双休，无需加班，可提供住宿；公司福利：- 正式上岗前有5k-8k不等的补贴；- 入职缴纳养老保险金、医疗保险金、大病保险金，失业保险金，生育保险金，工伤保险金；- 为员工提供广阔的职业发展平台与晋升空间，半年一次内部晋升机会；- 带薪休假（年假，婚假，丧假，病假等）- 每月一次员工专属生日趴，水果蛋糕礼物，节日礼物，丰富的业余集体活动（拓展，旅游，聚餐，年会等）- 提供住宿(配备空调,热水器，无线网)",|
Python工程师,广西知感科技有限公司,6001-8000,南宁市,2021-12-03,https://www.gxrc.com/jobDetail/c58710c307b544f2aeca556ece9e4ddd,学历本科,公共要求 - 诚实、正直、踏实 - 热爱互联网行业，您需要的不仅是一个“工作”，更是“职业”或更多 - 充满钻研热情，不满足于“知其然”，更热衷于“知其所以然” - 基础扎实、热爱学习、乐于拥抱变化 - 能胜任远程工作者 - 熟悉linux系统 优先考虑 - 英语能力较好先考虑 - 有产品意识优先 对于Python开发工程师的要求 - 熟练使用Python / Django / FastAPI 进行开发 - 了解前端开发优先考虑 [职责] - 熟练掌握各项团队协作相关工具 - 运用WEB相关技能、框架进行WEB系统开发、调试 - 与伙伴一起与客户沟通，掌握需求、设计系统,|
python开发工程师,广西泽霖润桂信息科技有限责任公司,3001-4000,南宁市,2021-12-03,https://www.gxrc.com/jobDetail/8c00c18ef917460e8627a641672a619f,学历大专,岗位职责：1、参与产品需求分析和设计；2、完成公司核心产品代码编写和接口文档编写，确保系统性能、质量和安全；3、协助产品、前端、测试人员完成相关工作。任职要求：1、熟悉python开发，良好的代码书写风格；2、熟练使用SQL数据库（MySQL或者Postgres）；3、熟悉TCP/IP协议，熟悉Linux网络编程优先；4、有独立分析和解决问题的能力，有良好的团队合作精神。,
Python高级工程师,南宁市乐锐网络科技有限公司,6001-8000,南宁市,2021-12-03,https://www.gxrc.com/jobDetail/aac3654c1149499b950a1d70fb13e285,学历不限,"岗位职责：1、参与爬虫项目的架构设计、研发、编程工作，改进和提升爬虫效率；2、设计爬虫策略和防屏蔽规则，提升网页抓取的效率和质量；3、负责后台爬虫数据的分布式存储设计以及代码实现；4、负责网页采集任务的分析及采集方案设计；5、负责分布式爬虫策略持续优化任职要求：1、2年以上开发工作经验，Python基础扎实；2、熟悉多线程、多进程、协程开发、网络编程，精通网页抓取原理及技术的实现细节；3、了解分布式计算和储存技术以及相关原理；4、具备Python运维平台开发经验，熟悉 Django/Django rest/Tornado/Flask/Sqlalchemy 等其中一种或几种开发框架；5、掌握HTML、CSS、JQuery、RESTful 相关技术；6、具有良好的站点分析经验，能独立处理基于(seeion, cookie)、(AccessToken, Token)、(selenium, splash)、(访问量, 访问频率)的反爬。自主设计爬取流程；7、熟悉基于规则的网页信息定位，精通正则表达式，xpath语法；8、精通原生Python urllib爬取方式、精通原生Python requests爬取方式、精通框架Python scrapy的爬取方式、熟悉Python aiohttp 异步请求框架的爬取方式；9、熟悉掌握一种或多种热门关系型数据库和非关系型数据库、熟练使用Git；10、热爱互联网，对搜索技术和探索未知领域有浓厚兴趣；11、能够高效地沟通,并与团队或跨团队同事有效地协作办公。加分项：1、能够自动化处理滑动验证码、静态验证码、动态验证码；2、熟悉Python爬虫服务器部署;",|
测试工程师,广西轩妈食品有限公司,6001-8000,江南区,2021-12-03,https://www.gxrc.com/jobDetail/de9491e19bdd46118d2a81ecc441aeba,学历本科,主要职责：1.负责公司信息化所需的电商、生产制造等相关业务系统测试及维护，实现公司经营生产数字化、智造化，项目覆盖微信小程序、移动端H5、小程序、PC Web、APP、ERP的开发；2.与业务团队对接，参与需求、架构、测试需求、测试案例等评审；根据产品需求编写测试用例文档、按进度完成项目测试上线，把控代码质量；3.应用系统的需求分析，完成测试需求的开发；4.自动化测试案例的开发；负责测试环境的准备；5.根据风险评估，确定测试案例执行的优先级别；6.测试发现缺陷的风险评估，确认缺陷和协调修复缺陷；7.执行测试案例负责应用系统的需求分析、案例设计、缺陷确认和环境准备工作。任职要求 :1.本科及以上学历，计算机、软件工程及相关专业，至少3年工作经验；且必须具备2年或以上相关工作经验（如果没有测试经验，只具备开发经验亦可）；2.熟练掌握web测试或app测试基本方法，能够独立进行测试分析（如果只有开发经验，此条可不参考）；3.熟练掌握sql编写；4.有高并发系统或者复杂交易类系统开发/测试经验；5.掌握一种以上开发语言（如java，python等）并有工具开发（如测试工具）经验者优先；6.具备以下条件优先：(1)有良好的沟通、协调能力，较强的逻辑分析能力，擅长团队合作者；(2)有电商、ERP供应链相关领域测试经验者。 ★※薪酬福利※★★每年1-2次调薪机会+六险二金（社保、意外险、重疾险、公积金、孝顺金）+各类补贴+工龄工资+团建活动+公司篮球场、足球场休闲活动中心等~★机遇和挑战并存，学历和经验不再是首要录取你的唯一标准，如果您是一位脑洞大、善沟通、有新思维、有事业企图心的热血青年，“轩妈”欢迎您！,|
项目经理,南宁西岸枫谷商务数据有限公司,8001-10000,南宁市,2021-12-03,https://www.gxrc.com/jobDetail/203de2e4bccc4923b625f7524e7118c6,学历大专,你需要完成这样的工作：1、负责软件项目的开发、实施和管理工作。2、完成日常项目管理工作，满足公司项目管理规范度要求； 3、带领项目团队完成项目工程实施、验收等项目目标，达到公司相关要求；我们需要这样的你：1、计算机相关专业，3年以上技术开发经验，2年以上项目管理经验；2、掌握应用主流开发技术，有互联网相关产品（Web端，IOS/Android App等）开发管理经验；3、至少精通Java、Python、JS等两种开发语言；4、熟练掌握Linux，Windows等服务器及应用，以及 MySQL、Mongodb等数据库及应用；5、有项目策划、实施、指导及团队管理经验，具备现场协调和客户沟通能力；6、有很好的团队意识和沟通协作能力，有系统的思维能力和创新精神。福利待遇：1.全方位有竞争力的薪酬体系，公平公正的岗位晋升制度，广阔稳定的发展平台；2.五险，双休，年终奖，带薪年假，各项法定假日，节假日福利，生日礼物，下午茶，团建活动，年度旅游；3.办公环境干净，整洁，舒适，明亮，宽敞！4.热情洋溢的团队，如火如荼的工作氛围，正在等待你的加入！上班时间：星期一至星期五，每天工作7.5小时工作地址：南宁市西乡塘区高新三路南宁-东盟企业总部基地五期研发大楼,|
Python Web开发工程师,柳州中动智轮科技有限公司,6001-8000,柳州新区,2021-11-25,https://www.gxrc.com/jobDetail/3823c3f002904ad8abceb821490b4986,学历不限,"职位描述1、负责用Python语言实现产品的后端研发；2、负责高质量的设计和编码；3、承担重难点技术攻坚任务；4、参与产品的讨论和开发实现；岗位要求1、2年及以上编码经验；2、熟悉Python后台开发, 有完整的项目开发经验，熟练使用Django或Flask框架；3、熟悉前端Html,Css,Js,Jquery使用,以及前端主流框架之一即可(Vue,React,Angular等)；4、熟悉Linux平台，能够独立完成Python项目部署、调优、运维；5、熟悉Mysql/Mongo数据库和Redis数据库的使用；加分项(非必须):1.能独立承担整个项目的设计,编码,有全栈开发经验的优先考虑；2.熟悉RESTful API开发风格, 注重代码的质量,可维护性,健壮性优先；3.有PHP Web开发经验优先；4.对汽车领域, 如汽车动力学, 轮胎动力学领域感兴趣的优先；5.对GUI编程有所了解优先 (如: Matlab GUI编程, Python的PyQT, Tk等)",|
运维工程师,广西轩妈食品有限公司,6001-8000,江南区,2021-12-03,https://www.gxrc.com/jobDetail/b4deca0638af418988b5c16f95290448,学历本科,主要职责：1.公司系统日常业务运维，包括系统组件升级，应用上线、下线、升级，平台监控、性能调优、故障处理，保障服务的正常提供；2.业务系统的日常运维分析汇总，优化流程、提升工作效率和系统稳定性；3.阿里云平台云资源监控及运维，确保系统性能、质量和安全；4.应急响应线上故障，在故障发生时快速解决问题恢复业务；5.公司中间件相关服务，并根据要求完成各类技术文档，如协助研发排查相关故障，并提供故障分析报告；6.和项目组及研发沟通，对业务运行环境中存在的问题进行定期反馈和推动改善；7.参与自动化运维平台规划设计、实现及优化。任职要求：1.3年以上的服务器维护经验；2.对前沿技术、应用保持饥渴的学习欲望，具备较强的学习能力和执行力；3.良好的沟通协调能力和团队合作意识，较强的责任心和抗压能力。4.熟练使用linux系统，掌握shell/perl/python脚本语言之一；5.熟悉常用中间件redis、mysql、zookeeper、kafka、RocketMQ、RabbitMQ等；6.熟悉docker、kubernetes；7.熟悉TCP/IP、SNMP、HTTP、ICMP等网络协议。8.熟悉阿里云资源部署及维护。★※薪酬福利※★★每年1-2次调薪机会+六险二金（社保、意外险、重疾险、公积金、孝顺金）+工龄工资+各类补贴+团建活动+公司篮球场、足球场等等等~★试用期购买社保，月休6天。★机遇和挑战并存，学历和经验不再是首要录取您的唯一标准，如果您是一位脑洞大、善沟通、有新思维、有事业企图心的热血青年，轩妈欢迎您！,|
运维工程师,广西轩妈食品有限公司,6001-8000,江南区,2021-12-03,https://www.gxrc.com/jobDetail/b4deca0638af418988b5c16f95290448,学历本科,主要职责：1.公司系统日常业务运维，包括系统组件升级，应用上线、下线、升级，平台监控、性能调优、故障处理，保障服务的正常提供；2.业务系统的日常运维分析汇总，优化流程、提升工作效率和系统稳定性；3.阿里云平台云资源监控及运维，确保系统性能、质量和安全；4.应急响应线上故障，在故障发生时快速解决问题恢复业务；5.公司中间件相关服务，并根据要求完成各类技术文档，如协助研发排查相关故障，并提供故障分析报告；6.和项目组及研发沟通，对业务运行环境中存在的问题进行定期反馈和推动改善；7.参与自动化运维平台规划设计、实现及优化。任职要求：1.3年以上的服务器维护经验；2.对前沿技术、应用保持饥渴的学习欲望，具备较强的学习能力和执行力；3.良好的沟通协调能力和团队合作意识，较强的责任心和抗压能力。4.熟练使用linux系统，掌握shell/perl/python脚本语言之一；5.熟悉常用中间件redis、mysql、zookeeper、kafka、RocketMQ、RabbitMQ等；6.熟悉docker、kubernetes；7.熟悉TCP/IP、SNMP、HTTP、ICMP等网络协议。8.熟悉阿里云资源部署及维护。★※薪酬福利※★★每年1-2次调薪机会+六险二金（社保、意外险、重疾险、公积金、孝顺金）+工龄工资+各类补贴+团建活动+公司篮球场、足球场等等等~★试用期购买社保，月休6天。★机遇和挑战并存，学历和经验不再是首要录取您的唯一标准，如果您是一位脑洞大、善沟通、有新思维、有事业企图心的热血青年，轩妈欢迎您！,|
项目经理,南宁西岸枫谷商务数据有限公司,8001-10000,南宁市,2021-12-03,https://www.gxrc.com/jobDetail/203de2e4bccc4923b625f7524e7118c6,学历大专,你需要完成这样的工作：1、负责软件项目的开发、实施和管理工作。2、完成日常项目管理工作，满足公司项目管理规范度要求； 3、带领项目团队完成项目工程实施、验收等项目目标，达到公司相关要求；我们需要这样的你：1、计算机相关专业，3年以上技术开发经验，2年以上项目管理经验；2、掌握应用主流开发技术，有互联网相关产品（Web端，IOS/Android App等）开发管理经验；3、至少精通Java、Python、JS等两种开发语言；4、熟练掌握Linux，Windows等服务器及应用，以及 MySQL、Mongodb等数据库及应用；5、有项目策划、实施、指导及团队管理经验，具备现场协调和客户沟通能力；6、有很好的团队意识和沟通协作能力，有系统的思维能力和创新精神。福利待遇：1.全方位有竞争力的薪酬体系，公平公正的岗位晋升制度，广阔稳定的发展平台；2.五险，双休，年终奖，带薪年假，各项法定假日，节假日福利，生日礼物，下午茶，团建活动，年度旅游；3.办公环境干净，整洁，舒适，明亮，宽敞！4.热情洋溢的团队，如火如荼的工作氛围，正在等待你的加入！上班时间：星期一至星期五，每天工作7.5小时工作地址：南宁市西乡塘区高新三路南宁-东盟企业总部基地五期研发大楼,|
Python Web开发工程师,柳州中动智轮科技有限公司,6001-8000,柳州新区,2021-11-25,https://www.gxrc.com/jobDetail/3823c3f002904ad8abceb821490b4986,学历不限,"职位描述1、负责用Python语言实现产品的后端研发；2、负责高质量的设计和编码；3、承担重难点技术攻坚任务；4、参与产品的讨论和开发实现；岗位要求1、2年及以上编码经验；2、熟悉Python后台开发, 有完整的项目开发经验，熟练使用Django或Flask框架；3、熟悉前端Html,Css,Js,Jquery使用,以及前端主流框架之一即可(Vue,React,Angular等)；4、熟悉Linux平台，能够独立完成Python项目部署、调优、运维；5、熟悉Mysql/Mongo数据库和Redis数据库的使用；加分项(非必须):1.能独立承担整个项目的设计,编码,有全栈开发经验的优先考虑；2.熟悉RESTful API开发风格, 注重代码的质量,可维护性,健壮性优先；3.有PHP Web开发经验优先；4.对汽车领域, 如汽车动力学, 轮胎动力学领域感兴趣的优先；5.对GUI编程有所了解优先 (如: Matlab GUI编程, Python的PyQT, Tk等)",|
Python软件开发岗,中国太平洋财产保险股份有限公司广西分公司,6001-8000,青秀区,2021-11-04,https://www.gxrc.com/jobDetail/13874bfd96e849fc8fb336749ee7dc38,学历本科,一、工作地点：广西南宁二、应聘要求：1、全日制本科及以上学历，信息技术、计算机专业；2、年龄在30周岁以下，条件特别优秀者可适当放宽;3、熟悉Python，熟悉selenium等RPA流程自动化技术；4、熟悉Flask 或Django框架；5、熟悉常用关系型数据库，熟悉sql语句；6、有较强的业务知识学习能力，较强的沟通、理解和表达能力；7、工作积极主动，责任心强，具备良好的团队协作精神。三、福利待遇：1、工资：基本工资+月绩效奖金+年终奖，提供有市场竞争力的薪资体系；2、社保：统一购买五险一金；3、福利：各种节假日福利；组织免费体检；购买人身意外伤害保险、意外医疗保险；4、休假：员工工作满一年享受带薪年休假，享受国家法定节假日；5、培训：有健全的培训机制，让员工更快融入公司，适应岗位工作；5、发展：具有公平畅通的晋升机制，为员工成长提供良好的职业发展平台。四、实习：可为在校生提供实习机会，并提供一定的实习补贴。五、地址及联系人：分公司地址：南宁市金洲路25号太平洋世纪广场；,|
python工程师,广西广证房地产土地资产评估有限公司,6001-8000,青秀区,2021-11-04,https://www.gxrc.com/jobDetail/14a822ff91e24b7e8f9c384fc75a68eb,学历大专,一、岗位职责：1、为系统和项目提供 API 支持；2、参与设计并维护系统架构，保证线上服务稳定可用；3、对批量数据进行采集、清晰与分析；二、岗位要求1、拥有3年以上 Python 实际开发经验；2、扎实的Python开发基础，熟悉相关规范和类库，精通django，flask 或其它 Python web 框架等相关技术；3、有 Python Flask 开发 Web API 的经验；3、熟悉Linux操作系统，有Java/Shell一种或多种脚本语言编程能力。三、优先条件：1、对大量动态数据有建模分析的经验；2、有分布式系统、大数据开发经验；3、有基本的前端开发经验；4、良好的沟通、协调能力，有团队管理经验者优先。,|
数据工程师（中级）,广西轩妈食品有限公司,6001-8000,江南区,2021-12-03,https://www.gxrc.com/jobDetail/ee2dd87bbeb541bb9bde53f035cabed6,学历本科,职位描述1、梳理业务部门数据需求，负责数据采集、数据治理、数据加工等工作；2、建设用户画像标签体系，负责标签设计、加工和管理等基础工作；3、基于数据可视化工具或开发工具，实现消费和营销域、产销协同域、财务预算和经营分析域等多个主题的报表自动化，提升内部数据协同效率及准确率；4、协助数据分析师完成数据洞察、竞品分析、销售趋势分析等各类分析工作。任职要求：1、本科及以上学历，计算机、统计、信息、数学等相关专业，2年以上大数据项目经验，有电商数据分析项目经验者优先；2、熟练掌握SQL语法，掌握Java、Python等编程语言技能者优先；3、熟悉常用统计分析方法和工具，具备使用常见数据分析工具(Excel，Tableau，Python，R等)或商业BI工具，进行数据清洗、加工、统计分析、高级分析、数据挖掘的技能；4、擅长数据处理和分析，有较强的业务理解与分析能力；5、逻辑清晰、主动性强，善于沟通、对数据有较高的敏感性，有团队协作意识。★※薪酬福利※★★每年1-2次调薪机会+六险二金（社保、意外险、重疾险、公积金、孝顺金）+各类补贴+工龄工资+团建活动+公司篮球场、足球场休闲活动中心等等等~★试用期购买社保。★机遇和挑战并存，学历和经验不再是首要录取你的唯一标准，如果您是一位脑洞大、善沟通、有新思维、有事业企图心的热血青年，“轩妈”欢迎您！,|
运维开发工程师 -python,中国—东盟信息港股份有限公司,10001-15000,良庆区,2020-04-14,https://www.gxrc.com/jobDetail/33ba04a2455e4ef59935e6cf6b5c10c3,学历本科,"核心职责：负责自动化运维平台设计及开发，实现自动化部署、监控、自动化配置等，提高运维效率；负责运维新技术、新平台的研究和实践；与运维团队合作，收集与理解需求，提供解决方案，改善运维流程；任职要求：1，能熟练使用Python/GO 编程语言。2，热爱开源技术，熟悉一种或多种开源软件（Ansible、Django、Celery,ETCD等）3，熟悉linux，Docker、VM等系统4，具有互联网运维平台开发或系统运维经验5，熟悉网络知识，了解DNS/HTTP/Proxy/Load balancing方案和原理6，有较强的沟通能力、推动能力和较好的服务意识，有创业激情，喜欢赢，喜欢挑战，有公司主人翁精神。7，熟悉以下内容者优先考虑：Python，Shell，Perl等脚本语言、Selenium测试框架、持续集成流程及框架(jenkins等)使用，熟悉常用中间件（redis，mysql，zk等）使用及部署",|
测试工程师,广西轩妈食品有限公司,6001-8000,江南区,2021-12-03,https://www.gxrc.com/jobDetail/de9491e19bdd46118d2a81ecc441aeba,学历本科,主要职责：1.负责公司信息化所需的电商、生产制造等相关业务系统测试及维护，实现公司经营生产数字化、智造化，项目覆盖微信小程序、移动端H5、小程序、PC Web、APP、ERP的开发；2.与业务团队对接，参与需求、架构、测试需求、测试案例等评审；根据产品需求编写测试用例文档、按进度完成项目测试上线，把控代码质量；3.应用系统的需求分析，完成测试需求的开发；4.自动化测试案例的开发；负责测试环境的准备；5.根据风险评估，确定测试案例执行的优先级别；6.测试发现缺陷的风险评估，确认缺陷和协调修复缺陷；7.执行测试案例负责应用系统的需求分析、案例设计、缺陷确认和环境准备工作。任职要求 :1.本科及以上学历，计算机、软件工程及相关专业，至少3年工作经验；且必须具备2年或以上相关工作经验（如果没有测试经验，只具备开发经验亦可）；2.熟练掌握web测试或app测试基本方法，能够独立进行测试分析（如果只有开发经验，此条可不参考）；3.熟练掌握sql编写；4.有高并发系统或者复杂交易类系统开发/测试经验；5.掌握一种以上开发语言（如java，python等）并有工具开发（如测试工具）经验者优先；6.具备以下条件优先：(1)有良好的沟通、协调能力，较强的逻辑分析能力，擅长团队合作者；(2)有电商、ERP供应链相关领域测试经验者。 ★※薪酬福利※★★每年1-2次调薪机会+六险二金（社保、意外险、重疾险、公积金、孝顺金）+各类补贴+工龄工资+团建活动+公司篮球场、足球场休闲活动中心等~★机遇和挑战并存，学历和经验不再是首要录取你的唯一标准，如果您是一位脑洞大、善沟通、有新思维、有事业企图心的热血青年，“轩妈”欢迎您！,|
python开发工程师,广西森格自动化科技股份有限公司,6001-8000,南宁市,2021-11-15,https://www.gxrc.com/jobDetail/7483db36a0d5452c8c4b9fc8e7604789,学历大专,工作职责：       1、负责工业互联网平台的通讯服务程序开发(通过运行在网关模块中的python程序，采集数据上传至云服务器)； 2、解决项目前端开发中的技术难题；3、配合具体项目实施，实现工业数据采集至云服务器；4、持续优化前端代码。 岗位要求：1、2年及以上软件开发（或通讯功能开发）经验。2、有良好的编程基础，熟悉linux操作系统，熟悉面向对象编程（如python、C#）；3、有良好的技术钻研及攻关能力。,
python编程老师,广西聪锐教育科技有限公司,6001-8000,南宁市,2021-11-29,https://www.gxrc.com/jobDetail/b8a651eeb17a4dcda969583d62075040,学历大专,1.提供入职培训，培训期间提供基本工资。2.岗位:教授青少年python课程，备课，课后总结，填写孩子上课内容，定期与家长沟通。认真完成上级布置任务。3.任职要求:喜爱孩子，热爱早教或少儿教育，性感开朗，具有较强亲和力。具有较强动手能力，学习能力，沟通能力。工作认真负责。4.思维灵活，谈吐大方，善于沟通。。5.只要你认真努力，这将是你一个很好的舞台，希望你和公司共同成长，公司也将提供您一个你长期发展的平台。6.薪资=基本工资+补助+提成+课时+奖金,|
python研发工程师,南宁国电电力科技有限责任公司,6001-8000,南宁市,2021-11-29,https://www.gxrc.com/jobDetail/6631632bbafe4e4bae29b446c9b8a52d,学历本科,岗位要求：1、熟悉python及常用的数据分析工具，熟悉pandas，numpy，matplotlib及jupyter notebook等模块使用。2、熟悉Mysql/PostgreSQL等常用数据库或数据服务工具。3、同时熟悉web后端开发，flask框架等优先。其他要求：1、良好的沟通能力，思路清晰，善于思考，能独立分析和解决问题；2、强烈的责任心和团队合作精神，心态积极，能主动融入团队。岗位职责：1、参与数据分析平台开发。2、负责协助和完成相关其他工作等。,|
python开发工程师,广西泽霖润桂信息科技有限责任公司,3001-4000,南宁市,2021-12-03,https://www.gxrc.com/jobDetail/8c00c18ef917460e8627a641672a619f,学历大专,岗位职责：1、参与产品需求分析和设计；2、完成公司核心产品代码编写和接口文档编写，确保系统性能、质量和安全；3、协助产品、前端、测试人员完成相关工作。任职要求：1、熟悉python开发，良好的代码书写风格；2、熟练使用SQL数据库（MySQL或者Postgres）；3、熟悉TCP/IP协议，熟悉Linux网络编程优先；4、有独立分析和解决问题的能力，有良好的团队合作精神。,
Python开发工程师,中国—东盟信息港股份有限公司,10001-15000,良庆区,2021-12-03,https://www.gxrc.com/jobDetail/d18646a622b4458882f5a4409ec17f0f,学历不限,"岗位职责:1.负责安全产品[扫描器⽅向]设计及开发，包括爬⾍引擎、规则引擎、API接⼝；2.根据需求⽂档独⽴完成功能模块开发和测试发布；3.分析并解决系统开发过程中遇到的问题。任职要求：1.中级岗位具备3年以上后端开发经验，⾼级岗位需5年以上开发经验，有⼤型系统调优经验或者安全产品开发经验，熟悉分布式存储、搜索、异步框架、集群与负载均衡，消息中间件等技术；2.对常⻅Web漏洞原理、防御机制有较深⼊的理解和较丰富的经验，对HTTP有深⼊理解；3.熟练掌握⼀种开源爬⾍框架，如scrapy,requests；4.熟悉mysql, redis等常⽤数据库；5.熟悉ﬂask框架，分布式架构；6.深⼊了解⾯向对象思想，有专研习惯优先；7.对技术有浓厚的兴趣，责任感强，有较好的交流沟通能⼒和团队合作能⼒。",|
Python开发工程师,南宁进驰科技有限责任公司,8001-10000,南宁市,2021-12-01,https://www.gxrc.com/jobDetail/12a861ac559745eca8e35b82a4bcd49d,学历本科,职位描述:1、熟悉Python开发。2、了解rpa优先。3、有程序逻辑基础。4、有清晰的语音及文字沟通能力。5、工作认真负责，做事耐心。有工程经验者优先考虑。6、愿意同时学习并应用其它开发语言。,|
python开发工程师,广西正之乾科技有限公司,4001-5000,南宁市,2021-12-02,https://www.gxrc.com/jobDetail/8dfce918d7d94e6984ff9641f029ed92,学历本科,接受实习生，接受有经验的高级开发工程师岗位职责：1、参与产品需求分析和设计；2、完成公司核心产品代码编写和接口文档编写，确保系统性能、质量和安全；3、协助产品、前端、测试人员完成相关工作。任职要求：1、熟悉python开发，良好的代码书写风格；2、熟练使用SQL数据库（MySQL或者Postgres）；3、熟悉TCP/IP协议，熟悉Linux网络编程优先；4、有独立分析和解决问题的能力，有良好的团队合作精神。,|
Python工程师,广西知感科技有限公司,6001-8000,南宁市,2021-12-03,https://www.gxrc.com/jobDetail/c58710c307b544f2aeca556ece9e4ddd,学历本科,公共要求 - 诚实、正直、踏实 - 热爱互联网行业，您需要的不仅是一个“工作”，更是“职业”或更多 - 充满钻研热情，不满足于“知其然”，更热衷于“知其所以然” - 基础扎实、热爱学习、乐于拥抱变化 - 能胜任远程工作者 - 熟悉linux系统 优先考虑 - 英语能力较好先考虑 - 有产品意识优先 对于Python开发工程师的要求 - 熟练使用Python / Django / FastAPI 进行开发 - 了解前端开发优先考虑 [职责] - 熟练掌握各项团队协作相关工具 - 运用WEB相关技能、框架进行WEB系统开发、调试 - 与伙伴一起与客户沟通，掌握需求、设计系统,|
Python程序员,广西数锋信息科技有限公司,5001-6000,南宁市,2021-12-02,https://www.gxrc.com/jobDetail/5405b5b0920647c6bc40f77f40eca2ee,学历大专,1、熟悉Python编程、设计模式和组件技术2、3年以上Python编程经验，有Python架构系统经验者优先3、熟悉Python多进程协程开发，熟悉WEB开发框架Flask。4、有数据挖掘经验。5、熟悉Redis、MongoDB等，具备数据库应用、设计能力6、熟悉Linux操作系统及shell编程7、对分布式及高性能Web有一定认识，对可靠性设计有较好的经验8、拥有良好的代码习惯，具备良好的人际沟通能力9、对新技术有强烈的探索欲望，能够承受工作压力，有强烈的责任心10、对以下关键词大部分都有所了解的优先：Django / Flask / coroutine / celery/ sklearn / TensorFlow / Redis /selenium/SEO优化,|
python程序员,永旭工艺（深圳）有限公司,4001-5000,青秀区,2021-12-02,https://www.gxrc.com/jobDetail/b96b44abf07c4065b5f8aa073faffe94,学历大专,1、精通Python，熟练使用面向对象编程；  2、熟悉数据库，包括但不仅限于熟练使用、数据库调优等；3、2年以上工作经验4、有项目管理经验或团队管理经验重点优先考虑5、工作认真负责。,|
python开发,广西泽霖润桂信息科技有限责任公司,4001-5000,南宁市,2021-12-03,https://www.gxrc.com/jobDetail/862a0aeff1ac46c292dee00d1d5d2fa4,学历大专,"岗位职责：1. 协助设计和开发网络爬虫应用，进行互联网相关信息的抓取和分析2. 协助网页信息抽取技术的研究和开发3. 协助解决爬取过程中的反爬问题岗位要求：1. 熟悉Python语言2. 熟悉Mysql数据库基本操作3. 熟悉网页抓取原理及技术的实现细节 PS：公司在各个区均有分点, 正式员工可与上级沟通择近办公工作时间： 八小时工作制，周末双休，无需加班，可提供住宿；公司福利：- 正式上岗前有5k-8k不等的补贴；- 入职缴纳养老保险金、医疗保险金、大病保险金，失业保险金，生育保险金，工伤保险金；- 为员工提供广阔的职业发展平台与晋升空间，半年一次内部晋升机会；- 带薪休假（年假，婚假，丧假，病假等）- 每月一次员工专属生日趴，水果蛋糕礼物，节日礼物，丰富的业余集体活动（拓展，旅游，聚餐，年会等）- 提供住宿(配备空调,热水器，无线网)",|
Python高级工程师,南宁市乐锐网络科技有限公司,6001-8000,南宁市,2021-12-03,https://www.gxrc.com/jobDetail/aac3654c1149499b950a1d70fb13e285,学历不限,"岗位职责：1、参与爬虫项目的架构设计、研发、编程工作，改进和提升爬虫效率；2、设计爬虫策略和防屏蔽规则，提升网页抓取的效率和质量；3、负责后台爬虫数据的分布式存储设计以及代码实现；4、负责网页采集任务的分析及采集方案设计；5、负责分布式爬虫策略持续优化任职要求：1、2年以上开发工作经验，Python基础扎实；2、熟悉多线程、多进程、协程开发、网络编程，精通网页抓取原理及技术的实现细节；3、了解分布式计算和储存技术以及相关原理；4、具备Python运维平台开发经验，熟悉 Django/Django rest/Tornado/Flask/Sqlalchemy 等其中一种或几种开发框架；5、掌握HTML、CSS、JQuery、RESTful 相关技术；6、具有良好的站点分析经验，能独立处理基于(seeion, cookie)、(AccessToken, Token)、(selenium, splash)、(访问量, 访问频率)的反爬。自主设计爬取流程；7、熟悉基于规则的网页信息定位，精通正则表达式，xpath语法；8、精通原生Python urllib爬取方式、精通原生Python requests爬取方式、精通框架Python scrapy的爬取方式、熟悉Python aiohttp 异步请求框架的爬取方式；9、熟悉掌握一种或多种热门关系型数据库和非关系型数据库、熟练使用Git；10、热爱互联网，对搜索技术和探索未知领域有浓厚兴趣；11、能够高效地沟通,并与团队或跨团队同事有效地协作办公。加分项：1、能够自动化处理滑动验证码、静态验证码、动态验证码；2、熟悉Python爬虫服务器部署;",|
